Address,Date time,Minimum Temperature,Maximum Temperature,Temperature,Dew Point,Relative Humidity,Heat Index,Wind Speed,Wind Gust,Wind Direction,Wind Chill,Precipitation,Precipitation Cover,Snow Depth,Visibility,Cloud Cover,Sea Level Pressure,Weather Type,Latitude,Longitude,Resolved Address,Name,Info,Conditions
"Ljubljana,Slovenia","01/01/2020",-3.8,5.5,-0.8,-3.4,83.47,,3.6,7.2,171.11,,0.0,0.0,,11.1,2.6,1036.4,"",46.0506,14.5028,"Ljubljana, Slovenija","Ljubljana, Slovenija","","Clear"
"Ljubljana,Slovenia","01/02/2020",-4.4,1.8,-2.4,-4.2,88.07,,3.6,8.6,172.3,,0.0,0.0,,5.9,4.9,1032.3,"",46.0506,14.5028,"Ljubljana, Slovenija","Ljubljana, Slovenija","","Clear"
"Ljubljana,Slovenia","01/03/2020",-3.8,3.4,-0.5,-2.4,87.43,,3.6,7.2,151.72,,0.0,0.0,,12.4,17.8,1026.9,"",46.0506,14.5028,"Ljubljana, Slovenija","Ljubljana, Slovenija","","Clear"
"Ljubljana,Slovenia","01/04/2020",-1.2,6.1,1.7,-1.9,77.46,,7.1,63.0,170.88,-3.7,0.0,0.0,,18.3,19.4,1026.0,"",46.0506,14.5028,"Ljubljana, Slovenija","Ljubljana, Slovenija","","Clear"
"Ljubljana,Slovenia","01/05/2020",-4.9,7.0,-0.5,-5.3,72.46,,10.1,22.3,89.5,4.6,0.0,0.0,,26.5,1.3,1035.1,"",46.0506,14.5028,"Ljubljana, Slovenija","Ljubljana, Slovenija","","Clear"
"Ljubljana,Slovenia","01/06/2020",-5.8,3.9,-2.1,-6.2,75.21,,3.6,8.6,87.76,,0.0,0.0,,29.3,2.4,1031.3,"",46.0506,14.5028,"Ljubljana, Slovenija","Ljubljana, Slovenija","","Clear"
"Ljubljana,Slovenia","01/07/2020",-5.3,2.5,-1.9,-5.3,78.74,,3.6,7.2,88.09,,0.0,0.0,,20.0,17.4,1033.1,"",46.0506,14.5028,"Ljubljana, Slovenija","Ljubljana, Slovenija","","Clear"
"Ljubljana,Slovenia","01/08/2020",-4.2,5.0,-0.1,-3.7,78.07,,6.4,9.0,163.5,-0.4,0.0,0.0,,12.2,19.5,1032.4,"",46.0506,14.5028,"Ljubljana, Slovenija","Ljubljana, Slovenija","","Clear"
"Ljubljana,Slovenia","01/09/2020",-2.0,7.2,1.3,-3.3,72.73,,5.4,18.0,149.4,-3.5,0.0,0.0,,21.7,20.6,1024.8,"",46.0506,14.5028,"Ljubljana, Slovenija","Ljubljana, Slovenija","","Clear"
"Ljubljana,Slovenia","01/10/2020",-3.1,9.8,1.9,-1.4,80.29,,14.8,38.9,133.65,-1.7,0.0,0.0,,17.3,6.6,1028.1,"",46.0506,14.5028,"Ljubljana, Slovenija","Ljubljana, Slovenija","","Clear"
"Ljubljana,Slovenia","01/11/2020",-1.8,8.0,2.6,-0.8,78.64,,7.6,38.5,158.48,-2.5,0.0,0.0,,18.1,34.6,1032.8,"",46.0506,14.5028,"Ljubljana, Slovenija","Ljubljana, Slovenija","","Partially cloudy"
"Ljubljana,Slovenia","01/12/2020",-3.8,6.5,0.1,-2.9,81.89,,5.7,11.9,144.86,4.4,0.0,0.0,,15.1,13.0,1030.2,"",46.0506,14.5028,"Ljubljana, Slovenija","Ljubljana, Slovenija","","Clear"
"Ljubljana,Slovenia","01/13/2020",-5.1,2.7,-0.7,-2.7,86.14,,5.4,16.6,106.88,-2.2,0.0,0.0,,17.3,41.4,1026.0,"",46.0506,14.5028,"Ljubljana, Slovenija","Ljubljana, Slovenija","","Partially cloudy"
"Ljubljana,Slovenia","01/14/2020",-5.8,8.1,1.7,-2.4,75.36,,14.4,34.9,123.88,-8.2,0.0,0.0,,24.2,25.8,1027.7,"",46.0506,14.5028,"Ljubljana, Slovenija","Ljubljana, Slovenija","","Partially cloudy"
"Ljubljana,Slovenia","01/15/2020",-0.9,8.5,3.8,0.4,78.76,,18.0,34.6,161.39,-1.7,0.0,0.0,,24.6,29.5,1029.6,"",46.0506,14.5028,"Ljubljana, Slovenija","Ljubljana, Slovenija","","Partially cloudy"
"Ljubljana,Slovenia","01/16/2020",0.6,7.7,4.3,0.6,77.83,,7.6,7.2,123.32,-1.2,0.0,0.0,,17.4,48.0,1030.3,"",46.0506,14.5028,"Ljubljana, Slovenija","Ljubljana, Slovenija","","Partially cloudy"
"Ljubljana,Slovenia","01/17/2020",0.6,4.2,1.8,0.1,88.92,,10.8,18.0,171.54,-1.2,0.0,0.0,,3.2,35.5,1026.0,"",46.0506,14.5028,"Ljubljana, Slovenija","Ljubljana, Slovenija","","Partially cloudy"
"Ljubljana,Slovenia","01/18/2020",0.6,4.0,1.3,-0.5,88.27,,7.1,13.0,124.71,-1.6,0.41,8.33,1.0,5.9,45.0,1027.2,"",46.0506,14.5028,"Ljubljana, Slovenija","Ljubljana, Slovenija","","Rain, Partially cloudy"
"Ljubljana,Slovenia","01/19/2020",-4.4,5.9,1.0,-1.7,82.88,,4.7,15.5,127.0,,0.0,0.0,,13.1,28.5,1037.8,"",46.0506,14.5028,"Ljubljana, Slovenija","Ljubljana, Slovenija","","Partially cloudy"
"Ljubljana,Slovenia","01/20/2020",-1.9,4.0,1.7,-1.8,78.21,,7.2,19.4,103.71,-4.2,0.0,0.0,0.0,14.9,40.2,1046.5,"",46.0506,14.5028,"Ljubljana, Slovenija","Ljubljana, Slovenija","","Partially cloudy"
"Ljubljana,Slovenia","01/21/2020",-3.5,5.4,-0.2,-3.5,79.28,,5.4,10.8,106.13,-3.7,0.0,0.0,,16.0,13.9,1039.5,"",46.0506,14.5028,"Ljubljana, Slovenija","Ljubljana, Slovenija","","Clear"
"Ljubljana,Slovenia","01/22/2020",-5.8,10.9,1.3,-4.6,67.97,,11.8,26.3,163.33,-8.9,0.0,0.0,,23.3,14.9,1033.7,"",46.0506,14.5028,"Ljubljana, Slovenija","Ljubljana, Slovenija","","Clear"
"Ljubljana,Slovenia","01/23/2020",-4.7,4.0,-1.5,-4.0,83.72,,6.2,10.8,147.13,-2.2,0.0,0.0,,13.3,12.8,1032.9,"",46.0506,14.5028,"Ljubljana, Slovenija","Ljubljana, Slovenija","","Clear"
"Ljubljana,Slovenia","01/24/2020",-0.9,7.4,2.7,-2.1,71.29,,11.8,20.2,130.7,-0.9,0.0,0.0,,14.8,32.3,1026.5,"",46.0506,14.5028,"Ljubljana, Slovenija","Ljubljana, Slovenija","","Partially cloudy"
"Ljubljana,Slovenia","01/25/2020",3.7,7.6,4.8,2.9,87.81,,7.6,7.2,94.7,2.3,1.02,8.33,,13.1,58.7,1023.1,"",46.0506,14.5028,"Ljubljana, Slovenija","Ljubljana, Slovenija","","Rain, Partially cloudy"
"Ljubljana,Slovenia","01/26/2020",1.9,7.3,5.3,4.5,95.06,,7.3,9.0,220.86,-0.2,2.0,4.17,,1.3,34.0,1020.1,"",46.0506,14.5028,"Ljubljana, Slovenija","Ljubljana, Slovenija","","Rain, Partially cloudy"
"Ljubljana,Slovenia","01/27/2020",2.0,7.9,4.9,3.9,93.26,,7.2,12.2,144.42,-0.1,0.0,0.0,,4.0,59.2,1014.6,"",46.0506,14.5028,"Ljubljana, Slovenija","Ljubljana, Slovenija","","Partially cloudy"
"Ljubljana,Slovenia","01/28/2020",3.0,10.4,6.1,4.1,87.13,,19.2,43.2,170.25,1.8,9.44,12.5,,11.4,68.8,1006.2,"",46.0506,14.5028,"Ljubljana, Slovenija","Ljubljana, Slovenija","","Rain, Partially cloudy"
"Ljubljana,Slovenia","01/29/2020",-2.0,9.2,2.4,-0.2,84.61,,4.7,10.8,162.04,,0.0,0.0,,11.3,8.1,1016.3,"",46.0506,14.5028,"Ljubljana, Slovenija","Ljubljana, Slovenija","","Clear"
"Ljubljana,Slovenia","01/30/2020",2.7,10.9,6.3,1.1,69.86,,16.7,46.8,235.5,2.9,0.0,0.0,,27.6,40.8,1018.3,"",46.0506,14.5028,"Ljubljana, Slovenija","Ljubljana, Slovenija","","Partially cloudy"
"Ljubljana,Slovenia","01/31/2020",5.9,12.5,8.4,2.4,66.26,,18.5,47.2,202.54,5.1,0.0,0.0,,26.0,52.3,1018.3,"",46.0506,14.5028,"Ljubljana, Slovenija","Ljubljana, Slovenija","","Partially cloudy"
"Ljubljana,Slovenia","02/01/2020",8.1,11.4,10.0,6.3,77.98,,13.0,27.4,277.58,8.2,0.0,0.0,,14.7,62.6,1016.4,"",46.0506,14.5028,"Ljubljana, Slovenija","Ljubljana, Slovenija","","Partially cloudy"
"Ljubljana,Slovenia","02/02/2020",4.6,12.0,10.6,5.4,70.39,,15.7,34.2,291.26,,0.0,0.0,0.0,17.6,63.4,1015.4,"",46.0506,14.5028,"Ljubljana, Slovenija","Ljubljana, Slovenija","","Partially cloudy"
"Ljubljana,Slovenia","02/03/2020",6.4,11.5,9.8,5.8,76.61,,14.6,78.5,215.87,4.0,0.3,4.17,,14.2,67.6,1011.0,"",46.0506,14.5028,"Ljubljana, Slovenija","Ljubljana, Slovenija","","Rain, Partially cloudy"
"Ljubljana,Slovenia","02/04/2020",4.1,11.0,6.8,-6.4,39.45,,29.2,62.7,273.5,1.9,9.13,4.17,,18.9,38.9,1009.4,"",46.0506,14.5028,"Ljubljana, Slovenija","Ljubljana, Slovenija","","Rain, Partially cloudy"
"Ljubljana,Slovenia","02/05/2020",-0.4,9.5,4.1,-10.7,33.92,,29.0,57.7,140.21,-2.8,0.0,0.0,,38.0,18.7,1026.0,"",46.0506,14.5028,"Ljubljana, Slovenija","Ljubljana, Slovenija","","Clear"
"Ljubljana,Slovenia","02/06/2020",-3.2,11.0,2.6,-9.0,48.4,,7.9,14.4,105.0,3.5,0.0,0.0,,36.7,8.5,1028.5,"",46.0506,14.5028,"Ljubljana, Slovenija","Ljubljana, Slovenija","","Clear"
"Ljubljana,Slovenia","02/07/2020",-3.3,8.7,1.5,-5.7,62.06,,6.8,12.6,128.29,-4.4,0.0,0.0,,37.2,0.8,1030.5,"",46.0506,14.5028,"Ljubljana, Slovenija","Ljubljana, Slovenija","","Clear"
"Ljubljana,Slovenia","02/08/2020",-2.7,9.0,1.9,-3.6,69.64,,5.1,10.8,83.88,3.0,0.0,0.0,,31.4,9.7,1030.2,"",46.0506,14.5028,"Ljubljana, Slovenija","Ljubljana, Slovenija","","Clear"
"Ljubljana,Slovenia","02/09/2020",7.0,10.0,8.2,1.4,63.14,,18.7,39.6,259.54,4.5,0.0,0.0,,19.3,51.2,1022.7,"",46.0506,14.5028,"Ljubljana, Slovenija","Ljubljana, Slovenija","","Partially cloudy"
"Ljubljana,Slovenia","02/10/2020",6.6,11.1,8.6,5.9,83.88,,14.3,32.0,167.88,5.5,2.35,8.33,,12.5,65.6,1008.4,"",46.0506,14.5028,"Ljubljana, Slovenija","Ljubljana, Slovenija","","Rain, Partially cloudy"
"Ljubljana,Slovenia","02/11/2020",4.0,13.9,8.0,1.9,66.57,,13.6,31.7,99.75,3.6,0.0,0.0,,24.0,45.1,1013.2,"",46.0506,14.5028,"Ljubljana, Slovenija","Ljubljana, Slovenija","","Partially cloudy"
"Ljubljana,Slovenia","02/12/2020",-1.6,10.9,3.6,-1.5,71.54,,10.8,25.2,180.41,7.4,0.1,4.17,,25.2,24.7,1021.5,"",46.0506,14.5028,"Ljubljana, Slovenija","Ljubljana, Slovenija","","Rain"
"Ljubljana,Slovenia","02/13/2020",4.6,10.9,7.9,1.9,67.97,,14.4,32.4,212.13,3.3,0.0,0.0,,26.3,50.9,1015.4,"",46.0506,14.5028,"Ljubljana, Slovenija","Ljubljana, Slovenija","","Partially cloudy"
"Ljubljana,Slovenia","02/14/2020",-0.1,15.7,6.3,-1.5,61.26,,7.2,14.4,123.18,8.2,0.0,0.0,,33.0,9.9,1025.4,"",46.0506,14.5028,"Ljubljana, Slovenija","Ljubljana, Slovenija","","Clear"
"Ljubljana,Slovenia","02/15/2020",-0.4,12.0,4.7,-0.1,73.37,,5.4,10.8,127.52,5.6,0.0,0.0,,28.5,29.5,1029.1,"",46.0506,14.5028,"Ljubljana, Slovenija","Ljubljana, Slovenija","","Partially cloudy"
"Ljubljana,Slovenia","02/16/2020",7.3,13.9,9.7,1.2,56.83,,22.6,43.2,239.33,6.0,0.0,0.0,,23.2,46.9,1026.0,"",46.0506,14.5028,"Ljubljana, Slovenija","Ljubljana, Slovenija","","Partially cloudy"
"Ljubljana,Slovenia","02/17/2020",8.1,10.7,9.5,5.4,75.67,,17.6,35.6,246.54,8.0,0.8,4.17,,15.7,59.2,1023.0,"",46.0506,14.5028,"Ljubljana, Slovenija","Ljubljana, Slovenija","","Rain, Partially cloudy"
"Ljubljana,Slovenia","02/18/2020",4.1,11.0,7.3,3.7,78.52,,8.7,23.0,185.24,3.4,0.1,4.17,,16.0,48.1,1024.9,"",46.0506,14.5028,"Ljubljana, Slovenija","Ljubljana, Slovenija","","Rain, Partially cloudy"
"Ljubljana,Slovenia","02/19/2020",-0.9,10.8,5.0,-0.7,69.94,,10.8,32.4,118.63,4.7,0.1,4.17,,21.6,29.9,1022.9,"",46.0506,14.5028,"Ljubljana, Slovenija","Ljubljana, Slovenija","","Rain, Partially cloudy"
"Ljubljana,Slovenia","02/20/2020",-1.6,10.0,4.0,-4.2,57.8,,10.7,18.0,160.96,-3.4,0.0,0.0,,28.9,22.3,1024.2,"",46.0506,14.5028,"Ljubljana, Slovenija","Ljubljana, Slovenija","","Clear"
"Ljubljana,Slovenia","02/21/2020",1.1,14.0,5.8,-6.4,43.92,,10.1,21.6,110.38,,0.0,0.0,,30.2,24.8,1029.9,"",46.0506,14.5028,"Ljubljana, Slovenija","Ljubljana, Slovenija","","Clear"
"Ljubljana,Slovenia","02/22/2020",4.1,13.0,8.3,0.6,59.82,,21.4,40.7,220.58,2.9,0.0,0.0,,22.3,29.6,1028.4,"",46.0506,14.5028,"Ljubljana, Slovenija","Ljubljana, Slovenija","","Partially cloudy"
"Ljubljana,Slovenia","02/23/2020",6.6,12.6,9.5,2.9,64.22,,18.6,37.8,222.92,5.6,0.0,0.0,0.0,11.3,39.1,1020.2,"",46.0506,14.5028,"Ljubljana, Slovenija","Ljubljana, Slovenija","","Partially cloudy"
"Ljubljana,Slovenia","02/24/2020",6.2,11.4,8.5,3.5,71.41,,9.8,21.6,165.7,5.8,0.0,0.0,,13.3,50.7,1017.1,"",46.0506,14.5028,"Ljubljana, Slovenija","Ljubljana, Slovenija","","Partially cloudy"
"Ljubljana,Slovenia","02/25/2020",8.0,12.4,9.3,6.9,85.32,,19.8,39.3,203.25,7.7,7.31,8.33,,10.6,57.0,1002.1,"",46.0506,14.5028,"Ljubljana, Slovenija","Ljubljana, Slovenija","","Rain, Partially cloudy"
"Ljubljana,Slovenia","02/26/2020",0.5,5.4,1.8,0.4,90.16,,14.1,37.1,183.74,-1.3,19.0,8.33,2.0,4.9,51.7,1006.0,"",46.0506,14.5028,"Ljubljana, Slovenija","Ljubljana, Slovenija","","Rain, Partially cloudy"
"Ljubljana,Slovenia","02/27/2020",0.4,9.5,4.9,-2.3,64.77,,17.6,42.8,196.21,-1.6,2.2,4.17,,28.6,39.5,1006.7,"",46.0506,14.5028,"Ljubljana, Slovenija","Ljubljana, Slovenija","","Rain, Partially cloudy"
"Ljubljana,Slovenia","02/28/2020",-1.8,10.5,3.7,-8.0,47.87,,25.9,55.1,233.91,-1.9,0.0,0.0,,36.7,20.6,1019.7,"",46.0506,14.5028,"Ljubljana, Slovenija","Ljubljana, Slovenija","","Clear"
"Ljubljana,Slovenia","02/29/2020",6.6,13.0,8.9,2.2,65.79,,18.8,43.2,232.71,4.6,0.12,4.17,,22.1,63.4,1011.0,"",46.0506,14.5028,"Ljubljana, Slovenija","Ljubljana, Slovenija","","Rain, Partially cloudy"
"Ljubljana,Slovenia","03/01/2020",7.0,11.5,8.3,5.9,85.69,,14.3,29.9,222.21,5.8,34.49,12.5,,13.7,60.0,1003.0,"",46.0506,14.5028,"Ljubljana, Slovenija","Ljubljana, Slovenija","","Rain, Partially cloudy"
"Ljubljana,Slovenia","03/02/2020",7.6,12.7,9.0,6.3,84.13,,18.0,38.2,181.25,6.5,25.6,8.33,,15.6,58.8,998.0,"",46.0506,14.5028,"Ljubljana, Slovenija","Ljubljana, Slovenija","","Rain, Partially cloudy"
"Ljubljana,Slovenia","03/03/2020",3.9,11.0,6.0,3.1,82.44,,18.0,31.0,213.17,1.6,4.49,8.33,,19.9,63.6,1006.6,"",46.0506,14.5028,"Ljubljana, Slovenija","Ljubljana, Slovenija","","Rain, Partially cloudy"
"Ljubljana,Slovenia","03/04/2020",-0.9,8.5,3.7,0.0,78.81,,7.2,17.3,181.96,2.3,0.1,4.17,,15.0,43.8,1014.2,"",46.0506,14.5028,"Ljubljana, Slovenija","Ljubljana, Slovenija","","Rain, Partially cloudy"
"Ljubljana,Slovenia","03/05/2020",1.6,9.9,5.6,0.2,71.16,,12.8,27.7,209.33,0.1,0.0,0.0,1.0,19.2,65.7,1003.6,"",46.0506,14.5028,"Ljubljana, Slovenija","Ljubljana, Slovenija","","Partially cloudy"
"Ljubljana,Slovenia","03/06/2020",2.9,7.2,4.6,3.1,89.71,,7.2,12.6,174.45,1.7,5.73,8.33,,9.3,51.0,1006.0,"",46.0506,14.5028,"Ljubljana, Slovenija","Ljubljana, Slovenija","","Rain, Partially cloudy"
"Ljubljana,Slovenia","03/07/2020",-0.7,12.0,5.8,-1.7,61.56,,12.5,22.0,153.96,3.5,0.0,0.0,,38.4,26.7,1019.2,"",46.0506,14.5028,"Ljubljana, Slovenija","Ljubljana, Slovenija","","Partially cloudy"
"Ljubljana,Slovenia","03/08/2020",0.3,11.5,5.2,-2.2,61.87,,6.4,15.1,156.74,1.6,1.0,4.17,,34.3,31.5,1018.1,"",46.0506,14.5028,"Ljubljana, Slovenija","Ljubljana, Slovenija","","Rain, Partially cloudy"
"Ljubljana,Slovenia","03/09/2020",-2.7,11.1,5.9,-0.2,67.74,,7.3,10.8,154.65,-1.2,0.0,0.0,,22.3,41.1,1015.2,"",46.0506,14.5028,"Ljubljana, Slovenija","Ljubljana, Slovenija","","Partially cloudy"
"Ljubljana,Slovenia","03/10/2020",-0.9,12.8,5.6,0.1,70.87,,10.8,21.6,243.74,-2.8,0.0,0.0,,12.6,41.1,1017.1,"",46.0506,14.5028,"Ljubljana, Slovenija","Ljubljana, Slovenija","","Partially cloudy"
"Ljubljana,Slovenia","03/11/2020",-0.6,18.8,8.5,1.8,68.0,,15.8,31.7,205.87,-0.5,0.0,0.0,,14.2,9.0,1019.9,"",46.0506,14.5028,"Ljubljana, Slovenija","Ljubljana, Slovenija","","Clear"
"Ljubljana,Slovenia","03/12/2020",2.1,16.8,9.4,4.0,72.32,,18.1,32.4,238.96,0.9,0.0,0.0,,11.7,40.3,1015.4,"",46.0506,14.5028,"Ljubljana, Slovenija","Ljubljana, Slovenija","","Partially cloudy"
"Ljubljana,Slovenia","03/13/2020",2.2,10.8,7.3,4.6,84.17,,19.3,21.6,101.33,4.8,2.4,8.33,0.0,11.3,62.8,1021.3,"",46.0506,14.5028,"Ljubljana, Slovenija","Ljubljana, Slovenija","","Rain, Partially cloudy"
"Ljubljana,Slovenia","03/14/2020",-1.0,11.7,6.1,-1.6,60.21,,23.3,25.2,108.0,-0.1,1.0,4.17,,11.8,42.8,1024.9,"",46.0506,14.5028,"Ljubljana, Slovenija","Ljubljana, Slovenija","","Rain, Partially cloudy"
"Ljubljana,Slovenia","03/15/2020",-1.6,10.2,3.2,-5.3,57.56,,16.6,18.0,94.5,3.7,0.0,0.0,,20.9,4.3,1028.7,"",46.0506,14.5028,"Ljubljana, Slovenija","Ljubljana, Slovenija","","Clear"
"Ljubljana,Slovenia","03/16/2020",0.2,14.5,7.5,-4.1,47.45,,13.2,23.8,154.42,5.0,0.0,0.0,0.0,37.2,6.5,1028.8,"",46.0506,14.5028,"Ljubljana, Slovenija","Ljubljana, Slovenija","","Clear"
"Ljubljana,Slovenia","03/17/2020",6.4,19.7,12.4,1.3,49.85,,8.2,14.0,142.91,,0.0,0.0,0.0,34.7,24.7,1029.6,"",46.0506,14.5028,"Ljubljana, Slovenija","Ljubljana, Slovenija","","Clear"
"Ljubljana,Slovenia","03/18/2020",4.3,18.9,11.4,3.3,61.07,,10.3,22.3,84.65,,0.0,0.0,,38.0,9.3,1027.6,"",46.0506,14.5028,"Ljubljana, Slovenija","Ljubljana, Slovenija","","Clear"
"Ljubljana,Slovenia","03/19/2020",4.7,20.9,12.5,3.3,57.25,,14.2,28.8,193.17,,0.0,0.0,,38.8,2.8,1023.3,"",46.0506,14.5028,"Ljubljana, Slovenija","Ljubljana, Slovenija","","Clear"
"Ljubljana,Slovenia","03/20/2020",6.6,20.6,13.3,4.1,55.29,,18.7,37.4,217.92,6.0,0.0,0.0,,30.0,16.2,1017.5,"",46.0506,14.5028,"Ljubljana, Slovenija","Ljubljana, Slovenija","","Clear"
"Ljubljana,Slovenia","03/21/2020",2.5,19.4,8.2,1.8,66.65,,21.6,36.0,108.63,-0.5,18.84,8.33,,15.1,61.8,1020.5,"",46.0506,14.5028,"Ljubljana, Slovenija","Ljubljana, Slovenija","","Rain, Partially cloudy"
"Ljubljana,Slovenia","03/22/2020",-1.6,8.0,2.7,-10.1,38.95,,21.7,46.8,70.21,-6.2,0.3,4.17,,28.3,24.9,1028.8,"",46.0506,14.5028,"Ljubljana, Slovenija","Ljubljana, Slovenija","","Rain"
"Ljubljana,Slovenia","03/23/2020",-0.6,6.0,2.6,-12.1,33.57,,25.0,47.9,56.75,-2.5,0.0,0.0,,26.5,30.4,1027.8,"",46.0506,14.5028,"Ljubljana, Slovenija","Ljubljana, Slovenija","","Partially cloudy"
"Ljubljana,Slovenia","03/24/2020",-0.3,4.6,1.8,-4.5,64.6,,17.8,36.4,70.25,-4.5,0.1,4.17,1.0,16.6,58.9,1026.9,"",46.0506,14.5028,"Ljubljana, Slovenija","Ljubljana, Slovenija","","Rain, Partially cloudy"
"Ljubljana,Slovenia","03/25/2020",-0.1,2.5,0.9,-3.1,74.93,,19.3,40.7,75.0,-4.3,1.18,4.17,1.0,8.8,62.5,1024.3,"",46.0506,14.5028,"Ljubljana, Slovenija","Ljubljana, Slovenija","","Rain, Partially cloudy"
"Ljubljana,Slovenia","03/26/2020",2.9,8.4,5.3,-0.8,65.32,,20.9,39.6,74.25,-1.5,0.7,8.33,,14.5,60.8,1020.5,"",46.0506,14.5028,"Ljubljana, Slovenija","Ljubljana, Slovenija","","Rain, Partially cloudy"
"Ljubljana,Slovenia","03/27/2020",1.7,13.4,7.6,0.5,62.84,,19.6,39.6,130.39,5.0,0.0,0.0,,10.9,35.0,1018.3,"",46.0506,14.5028,"Ljubljana, Slovenija","Ljubljana, Slovenija","","Partially cloudy"
"Ljubljana,Slovenia","03/28/2020",3.1,17.2,9.7,1.5,59.95,,7.5,19.4,161.29,6.5,0.0,0.0,,16.0,8.2,1014.2,"",46.0506,14.5028,"Ljubljana, Slovenija","Ljubljana, Slovenija","","Clear"
"Ljubljana,Slovenia","03/29/2020",2.3,18.0,10.7,1.8,57.92,,16.1,27.7,87.25,0.5,2.3,4.17,0.0,12.8,40.9,1015.2,"",46.0506,14.5028,"Ljubljana, Slovenija","Ljubljana, Slovenija","","Rain, Partially cloudy"
"Ljubljana,Slovenia","03/30/2020",-0.1,4.5,2.5,-3.0,68.98,,18.9,31.7,97.29,-3.2,5.09,8.33,2.0,18.9,39.5,1023.7,"",46.0506,14.5028,"Ljubljana, Slovenija","Ljubljana, Slovenija","","Rain, Partially cloudy"
"Ljubljana,Slovenia","03/31/2020",-1.4,7.4,3.2,-7.9,45.86,,20.2,43.9,67.33,-1.3,0.0,0.0,,28.9,19.2,1024.3,"",46.0506,14.5028,"Ljubljana, Slovenija","Ljubljana, Slovenija","","Clear"
"Ljubljana,Slovenia","04/01/2020",-2.6,8.5,3.3,-8.1,46.73,,14.0,28.8,93.21,4.6,0.0,0.0,,35.5,6.1,1019.6,"",46.0506,14.5028,"Ljubljana, Slovenija","Ljubljana, Slovenija","","Clear"
"Ljubljana,Slovenia","04/02/2020",-0.9,13.2,5.8,-7.0,44.32,,8.6,17.3,121.52,6.6,0.0,0.0,,35.9,0.8,1013.7,"",46.0506,14.5028,"Ljubljana, Slovenija","Ljubljana, Slovenija","","Clear"
"Ljubljana,Slovenia","04/03/2020",4.7,17.0,11.2,-2.0,42.04,,7.6,18.7,168.04,5.2,0.0,0.0,,29.8,23.1,1017.4,"",46.0506,14.5028,"Ljubljana, Slovenija","Ljubljana, Slovenija","","Clear"
"Ljubljana,Slovenia","04/04/2020",3.5,15.9,10.0,-1.9,45.35,,21.5,39.6,109.0,1.5,0.0,0.0,0.0,24.2,6.6,1025.0,"",46.0506,14.5028,"Ljubljana, Slovenija","Ljubljana, Slovenija","","Clear"
"Ljubljana,Slovenia","04/05/2020",4.1,17.4,11.5,-1.1,44.43,,21.4,48.2,101.21,3.8,0.0,0.0,,29.8,4.3,1027.0,"",46.0506,14.5028,"Ljubljana, Slovenija","Ljubljana, Slovenija","","Clear"
"Ljubljana,Slovenia","04/06/2020",1.2,19.5,11.4,-3.2,39.47,,21.9,34.9,113.54,1.0,0.0,0.0,,35.0,0.1,1030.0,"",46.0506,14.5028,"Ljubljana, Slovenija","Ljubljana, Slovenija","","Clear"
"Ljubljana,Slovenia","04/07/2020",1.8,20.0,11.2,-4.8,37.35,,14.5,32.4,90.71,,0.0,0.0,,34.7,0.0,1031.2,"",46.0506,14.5028,"Ljubljana, Slovenija","Ljubljana, Slovenija","","Clear"
"Ljubljana,Slovenia","04/08/2020",2.8,20.4,11.6,-4.1,38.25,,11.9,25.9,140.3,,0.0,0.0,,34.7,0.0,1025.9,"",46.0506,14.5028,"Ljubljana, Slovenija","Ljubljana, Slovenija","","Clear"
"Ljubljana,Slovenia","04/09/2020",5.8,23.5,14.1,-1.3,39.43,,7.9,18.4,199.52,,0.0,0.0,,34.7,2.1,1022.6,"",46.0506,14.5028,"Ljubljana, Slovenija","Ljubljana, Slovenija","","Clear"
"Ljubljana,Slovenia","04/10/2020",7.2,23.9,15.8,1.3,41.36,,11.4,19.8,168.91,,0.0,0.0,,30.6,7.3,1021.9,"",46.0506,14.5028,"Ljubljana, Slovenija","Ljubljana, Slovenija","","Clear"
"Ljubljana,Slovenia","04/11/2020",7.7,24.0,16.1,2.7,44.11,,6.4,18.0,226.6,,0.0,0.0,,26.9,13.7,1021.5,"",46.0506,14.5028,"Ljubljana, Slovenija","Ljubljana, Slovenija","","Clear"
"Ljubljana,Slovenia","04/12/2020",4.9,24.4,16.1,0.0,37.05,,17.1,38.9,187.0,3.9,0.0,0.0,,24.5,27.2,1016.3,"",46.0506,14.5028,"Ljubljana, Slovenija","Ljubljana, Slovenija","","Partially cloudy"
"Ljubljana,Slovenia","04/13/2020",1.6,22.1,14.8,1.3,46.19,,24.4,47.2,214.17,-0.6,0.0,0.0,,20.5,38.8,1012.5,"",46.0506,14.5028,"Ljubljana, Slovenija","Ljubljana, Slovenija","","Partially cloudy"
"Ljubljana,Slovenia","04/14/2020",-0.6,7.8,3.0,0.2,83.02,,9.0,19.8,102.0,-0.7,11.91,4.17,,13.6,31.2,1025.2,"",46.0506,14.5028,"Ljubljana, Slovenija","Ljubljana, Slovenija","","Rain, Partially cloudy"
"Ljubljana,Slovenia","04/15/2020",2.6,15.0,8.7,-0.6,55.83,,7.2,19.1,129.17,8.7,0.0,0.0,,35.9,17.0,1024.9,"",46.0506,14.5028,"Ljubljana, Slovenija","Ljubljana, Slovenija","","Clear"
"Ljubljana,Slovenia","04/16/2020",6.0,22.5,14.1,-1.8,36.1,,22.7,46.1,175.58,,0.0,0.0,,35.9,27.2,1018.2,"",46.0506,14.5028,"Ljubljana, Slovenija","Ljubljana, Slovenija","","Partially cloudy"
"Ljubljana,Slovenia","04/17/2020",7.5,23.6,15.8,2.4,43.81,,16.4,34.2,186.96,,0.0,0.0,,34.3,11.4,1016.0,"",46.0506,14.5028,"Ljubljana, Slovenija","Ljubljana, Slovenija","","Clear"
"Ljubljana,Slovenia","04/18/2020",9.1,24.1,16.7,4.7,47.54,,19.0,33.8,205.77,,0.0,0.0,,26.9,16.6,1014.5,"",46.0506,14.5028,"Ljubljana, Slovenija","Ljubljana, Slovenija","","Clear"
"Ljubljana,Slovenia","04/19/2020",9.5,25.0,16.6,5.7,51.52,,15.5,38.5,115.58,7.9,0.0,0.0,,19.3,43.0,1015.0,"",46.0506,14.5028,"Ljubljana, Slovenija","Ljubljana, Slovenija","","Partially cloudy"
"Ljubljana,Slovenia","04/20/2020",9.4,14.5,11.9,0.5,45.67,,19.8,32.4,54.29,6.9,0.0,0.0,,26.0,66.0,1018.4,"",46.0506,14.5028,"Ljubljana, Slovenija","Ljubljana, Slovenija","","Partially cloudy"
"Ljubljana,Slovenia","04/21/2020",6.5,16.9,11.9,-1.5,40.81,,21.7,46.8,85.71,7.0,0.0,0.0,,38.8,27.8,1019.2,"",46.0506,14.5028,"Ljubljana, Slovenija","Ljubljana, Slovenija","","Partially cloudy"
"Ljubljana,Slovenia","04/22/2020",4.7,18.2,12.1,1.2,50.43,,16.7,34.9,58.79,9.3,0.0,0.0,,39.6,10.6,1020.2,"",46.0506,14.5028,"Ljubljana, Slovenija","Ljubljana, Slovenija","","Clear"
"Ljubljana,Slovenia","04/23/2020",4.7,20.4,12.8,0.4,46.31,,13.4,28.8,112.23,,0.0,0.0,,39.6,4.1,1018.3,"",46.0506,14.5028,"Ljubljana, Slovenija","Ljubljana, Slovenija","","Clear"
"Ljubljana,Slovenia","04/24/2020",8.2,23.5,15.9,2.0,41.75,,21.5,39.2,178.96,,0.0,0.0,,31.4,22.9,1009.7,"",46.0506,14.5028,"Ljubljana, Slovenija","Ljubljana, Slovenija","","Clear"
"Ljubljana,Slovenia","04/25/2020",12.4,23.5,17.4,3.7,41.48,,22.7,44.6,159.88,,0.0,0.0,,26.0,30.8,1008.0,"",46.0506,14.5028,"Ljubljana, Slovenija","Ljubljana, Slovenija","","Partially cloudy"
"Ljubljana,Slovenia","04/26/2020",8.6,20.2,14.4,7.6,67.74,,14.4,32.0,183.79,,0.0,0.0,,20.2,24.3,1011.0,"",46.0506,14.5028,"Ljubljana, Slovenija","Ljubljana, Slovenija","","Clear"
"Ljubljana,Slovenia","04/27/2020",12.1,22.0,16.8,8.3,58.9,,20.5,43.2,198.46,,0.0,0.0,,23.8,36.1,1010.6,"",46.0506,14.5028,"Ljubljana, Slovenija","Ljubljana, Slovenija","","Partially cloudy"
"Ljubljana,Slovenia","04/28/2020",12.4,18.9,15.0,10.2,73.85,,15.4,36.7,251.04,,3.0,4.17,,17.0,55.7,1008.1,"",46.0506,14.5028,"Ljubljana, Slovenija","Ljubljana, Slovenija","","Rain, Partially cloudy"
"Ljubljana,Slovenia","04/29/2020",9.1,15.6,12.2,9.7,84.99,,10.8,22.3,207.0,9.1,11.51,12.5,,14.8,45.6,1009.8,"",46.0506,14.5028,"Ljubljana, Slovenija","Ljubljana, Slovenija","","Rain, Partially cloudy"
"Ljubljana,Slovenia","04/30/2020",10.0,20.5,15.0,8.8,69.15,,14.7,31.7,218.33,,11.7,4.17,1.0,22.0,41.7,1008.4,"",46.0506,14.5028,"Ljubljana, Slovenija","Ljubljana, Slovenija","","Rain, Partially cloudy"
"Ljubljana,Slovenia","05/01/2020",10.0,18.0,14.3,9.8,75.62,,10.5,19.8,155.29,,0.7,8.33,,20.8,32.7,1006.9,"",46.0506,14.5028,"Ljubljana, Slovenija","Ljubljana, Slovenija","","Rain, Partially cloudy"
"Ljubljana,Slovenia","05/02/2020",7.6,20.2,12.6,8.4,77.88,,17.9,33.5,99.92,,5.3,4.17,0.0,19.9,22.7,1011.1,"",46.0506,14.5028,"Ljubljana, Slovenija","Ljubljana, Slovenija","","Rain"
"Ljubljana,Slovenia","05/03/2020",5.7,18.0,12.1,2.8,56.97,,11.0,23.4,124.35,,0.0,0.0,,32.2,24.8,1018.8,"",46.0506,14.5028,"Ljubljana, Slovenija","Ljubljana, Slovenija","","Clear"
"Ljubljana,Slovenia","05/04/2020",8.6,21.9,15.0,5.7,55.56,,16.5,33.8,181.29,,0.0,0.0,,36.9,36.1,1015.6,"",46.0506,14.5028,"Ljubljana, Slovenija","Ljubljana, Slovenija","","Partially cloudy"
"Ljubljana,Slovenia","05/05/2020",8.4,16.5,12.4,7.6,73.39,,10.3,23.4,129.96,7.4,0.0,0.0,,23.0,62.2,1016.0,"",46.0506,14.5028,"Ljubljana, Slovenija","Ljubljana, Slovenija","","Partially cloudy"
"Ljubljana,Slovenia","05/06/2020",4.6,16.0,10.9,3.6,63.6,,11.5,24.5,127.38,,0.0,0.0,,37.8,22.6,1021.0,"",46.0506,14.5028,"Ljubljana, Slovenija","Ljubljana, Slovenija","","Clear"
"Ljubljana,Slovenia","05/07/2020",8.4,22.6,15.7,6.0,56.3,,14.3,32.4,166.19,,0.0,0.0,,38.0,8.9,1020.8,"",46.0506,14.5028,"Ljubljana, Slovenija","Ljubljana, Slovenija","","Clear"
"Ljubljana,Slovenia","05/08/2020",10.2,24.1,17.5,4.1,44.11,,21.6,46.4,220.0,,0.0,0.0,,36.3,30.0,1016.8,"",46.0506,14.5028,"Ljubljana, Slovenija","Ljubljana, Slovenija","","Partially cloudy"
"Ljubljana,Slovenia","05/09/2020",13.6,25.0,19.0,6.3,44.56,,21.1,42.5,240.88,,0.0,0.0,,22.8,28.0,1012.4,"",46.0506,14.5028,"Ljubljana, Slovenija","Ljubljana, Slovenija","","Partially cloudy"
"Ljubljana,Slovenia","05/10/2020",13.2,24.0,17.5,8.4,57.39,,18.4,37.1,244.58,,0.0,0.0,,19.3,29.8,1009.2,"",46.0506,14.5028,"Ljubljana, Slovenija","Ljubljana, Slovenija","","Partially cloudy"
"Ljubljana,Slovenia","05/11/2020",7.8,19.4,14.6,10.7,78.54,,16.7,36.7,195.04,5.2,4.97,8.33,,12.1,53.0,1005.5,"",46.0506,14.5028,"Ljubljana, Slovenija","Ljubljana, Slovenija","","Rain, Partially cloudy"
"Ljubljana,Slovenia","05/12/2020",6.0,11.6,7.5,5.6,88.13,,9.7,23.0,149.08,5.1,18.59,12.5,,9.1,49.6,1018.0,"",46.0506,14.5028,"Ljubljana, Slovenija","Ljubljana, Slovenija","","Rain, Partially cloudy"
"Ljubljana,Slovenia","05/13/2020",13.0,22.1,16.5,11.4,72.6,,10.7,21.6,203.35,,0.0,0.0,,17.8,28.4,1009.2,"",46.0506,14.5028,"Ljubljana, Slovenija","Ljubljana, Slovenija","","Partially cloudy"
"Ljubljana,Slovenia","05/14/2020",10.3,25.4,16.6,9.0,62.12,,17.3,32.8,101.58,,0.8,4.17,0.0,13.9,46.1,1010.0,"",46.0506,14.5028,"Ljubljana, Slovenija","Ljubljana, Slovenija","","Rain, Partially cloudy"
"Ljubljana,Slovenia","05/15/2020",8.5,15.0,11.4,9.5,87.85,,17.9,36.0,172.04,8.0,30.48,12.5,,9.7,48.0,1019.1,"",46.0506,14.5028,"Ljubljana, Slovenija","Ljubljana, Slovenija","","Rain, Partially cloudy"
"Ljubljana,Slovenia","05/16/2020",10.9,14.9,12.8,8.7,77.85,,9.4,18.0,137.38,,4.3,4.17,,8.9,47.0,1021.1,"",46.0506,14.5028,"Ljubljana, Slovenija","Ljubljana, Slovenija","","Rain, Partially cloudy"
"Ljubljana,Slovenia","05/17/2020",10.7,19.5,15.9,11.8,77.54,,10.7,19.4,108.61,,0.0,0.0,0.0,12.1,34.2,1022.0,"",46.0506,14.5028,"Ljubljana, Slovenija","Ljubljana, Slovenija","","Partially cloudy"
"Ljubljana,Slovenia","05/18/2020",13.6,21.5,17.4,12.3,73.64,,14.4,22.7,126.17,,0.3,4.17,,18.8,54.0,1020.1,"",46.0506,14.5028,"Ljubljana, Slovenija","Ljubljana, Slovenija","","Rain, Partially cloudy"
"Ljubljana,Slovenia","05/19/2020",13.5,18.4,14.7,13.0,89.67,,17.9,28.8,176.5,,8.67,12.5,,10.5,56.6,1016.4,"",46.0506,14.5028,"Ljubljana, Slovenija","Ljubljana, Slovenija","","Rain, Partially cloudy"
"Ljubljana,Slovenia","05/20/2020",10.6,20.0,16.3,7.8,58.45,,17.8,36.0,139.38,,0.0,0.0,,24.4,36.8,1017.4,"",46.0506,14.5028,"Ljubljana, Slovenija","Ljubljana, Slovenija","","Partially cloudy"
"Ljubljana,Slovenia","05/21/2020",9.6,23.0,17.0,6.3,51.67,,14.4,32.4,131.13,,0.0,0.0,,35.9,23.0,1021.7,"",46.0506,14.5028,"Ljubljana, Slovenija","Ljubljana, Slovenija","","Clear"
"Ljubljana,Slovenia","05/22/2020",13.0,23.4,18.4,9.5,58.02,,14.4,29.2,183.63,,0.0,0.0,,26.9,43.6,1023.1,"",46.0506,14.5028,"Ljubljana, Slovenija","Ljubljana, Slovenija","","Partially cloudy"
"Ljubljana,Slovenia","05/23/2020",12.9,25.5,18.8,11.5,65.61,,21.4,36.0,199.92,,25.09,4.17,,18.1,34.1,1022.3,"",46.0506,14.5028,"Ljubljana, Slovenija","Ljubljana, Slovenija","","Rain, Partially cloudy"
"Ljubljana,Slovenia","05/24/2020",10.2,21.5,15.3,6.3,58.39,,10.7,21.6,101.39,,0.0,0.0,,28.9,28.8,1027.2,"",46.0506,14.5028,"Ljubljana, Slovenija","Ljubljana, Slovenija","","Partially cloudy"
"Ljubljana,Slovenia","05/25/2020",10.6,22.0,15.7,8.9,66.56,,13.0,27.0,172.04,,2.5,8.33,,28.9,41.1,1026.3,"",46.0506,14.5028,"Ljubljana, Slovenija","Ljubljana, Slovenija","","Rain, Partially cloudy"
"Ljubljana,Slovenia","05/26/2020",8.0,20.5,15.2,4.9,53.02,,14.4,28.8,141.67,,0.0,0.0,,36.7,31.9,1029.2,"",46.0506,14.5028,"Ljubljana, Slovenija","Ljubljana, Slovenija","","Partially cloudy"
"Ljubljana,Slovenia","05/27/2020",8.6,22.0,15.1,5.4,56.34,,7.2,19.1,161.09,,0.0,0.0,,34.3,29.9,1027.5,"",46.0506,14.5028,"Ljubljana, Slovenija","Ljubljana, Slovenija","","Partially cloudy"
"Ljubljana,Slovenia","05/28/2020",7.3,20.9,14.1,6.8,65.18,,13.7,29.2,182.14,6.6,0.0,0.0,,29.8,33.2,1023.1,"",46.0506,14.5028,"Ljubljana, Slovenija","Ljubljana, Slovenija","","Partially cloudy"
"Ljubljana,Slovenia","05/29/2020",10.5,19.4,15.0,7.5,63.21,,12.9,26.3,232.36,,0.0,0.0,,28.1,35.6,1020.2,"",46.0506,14.5028,"Ljubljana, Slovenija","Ljubljana, Slovenija","","Partially cloudy"
"Ljubljana,Slovenia","05/30/2020",6.7,17.5,12.8,4.9,60.91,,10.8,21.6,115.3,8.6,0.0,0.0,,25.7,30.7,1018.0,"",46.0506,14.5028,"Ljubljana, Slovenija","Ljubljana, Slovenija","","Partially cloudy"
"Ljubljana,Slovenia","05/31/2020",11.5,20.3,14.9,7.6,65.39,,11.4,24.5,116.62,,0.39,4.17,,23.6,34.0,1017.1,"",46.0506,14.5028,"Ljubljana, Slovenija","Ljubljana, Slovenija","","Rain, Partially cloudy"
"Ljubljana,Slovenia","06/01/2020",10.0,23.5,17.8,8.5,57.29,,11.9,27.4,158.86,,0.0,0.0,,37.6,32.8,1016.4,"",46.0506,14.5028,"Ljubljana, Slovenija","Ljubljana, Slovenija","","Partially cloudy"
"Ljubljana,Slovenia","06/02/2020",12.2,24.5,18.1,10.0,62.27,,18.0,36.0,194.09,,0.0,0.0,,35.9,40.7,1011.0,"",46.0506,14.5028,"Ljubljana, Slovenija","Ljubljana, Slovenija","","Partially cloudy"
"Ljubljana,Slovenia","06/03/2020",14.1,25.5,19.8,11.0,60.22,,21.6,46.4,226.26,,0.45,4.17,,30.2,48.0,1004.5,"",46.0506,14.5028,"Ljubljana, Slovenija","Ljubljana, Slovenija","","Rain, Partially cloudy"
"Ljubljana,Slovenia","06/04/2020",14.0,19.5,16.1,13.0,83.06,,17.6,50.4,171.79,,24.6,12.5,,12.2,65.3,999.3,"",46.0506,14.5028,"Ljubljana, Slovenija","Ljubljana, Slovenija","","Rain, Partially cloudy"
"Ljubljana,Slovenia","06/05/2020",13.5,19.6,14.9,13.1,89.46,,19.5,36.0,200.36,,17.09,12.5,,8.6,48.5,1004.8,"",46.0506,14.5028,"Ljubljana, Slovenija","Ljubljana, Slovenija","","Rain, Partially cloudy"
"Ljubljana,Slovenia","06/06/2020",14.1,24.0,18.8,14.0,75.4,,10.7,22.0,150.04,,0.1,4.17,,14.7,35.0,1006.9,"",46.0506,14.5028,"Ljubljana, Slovenija","Ljubljana, Slovenija","","Rain, Partially cloudy"
"Ljubljana,Slovenia","06/07/2020",14.8,24.0,18.0,14.2,80.67,,15.5,38.5,178.21,,32.01,8.33,,15.5,48.5,1008.1,"",46.0506,14.5028,"Ljubljana, Slovenija","Ljubljana, Slovenija","","Rain, Partially cloudy"
"Ljubljana,Slovenia","06/08/2020",13.1,15.0,14.1,12.7,91.87,,14.1,24.5,142.46,,26.99,12.5,,10.3,72.2,1011.1,"",46.0506,14.5028,"Ljubljana, Slovenija","Ljubljana, Slovenija","","Rain, Partially cloudy"
"Ljubljana,Slovenia","06/09/2020",12.5,19.4,15.4,12.4,83.51,,4.0,14.4,149.91,,12.94,4.17,,16.7,46.5,1010.7,"",46.0506,14.5028,"Ljubljana, Slovenija","Ljubljana, Slovenija","","Rain, Partially cloudy"
"Ljubljana,Slovenia","06/10/2020",10.5,21.7,15.8,10.7,73.56,,15.4,34.6,149.71,,2.97,4.17,,27.2,39.3,1009.8,"",46.0506,14.5028,"Ljubljana, Slovenija","Ljubljana, Slovenija","","Rain, Partially cloudy"
"Ljubljana,Slovenia","06/11/2020",11.5,23.0,17.6,10.6,65.49,,17.9,28.8,200.54,,0.89,4.17,,36.7,24.6,1010.4,"",46.0506,14.5028,"Ljubljana, Slovenija","Ljubljana, Slovenija","","Rain"
"Ljubljana,Slovenia","06/12/2020",15.1,23.9,20.0,12.0,61.26,,22.9,43.2,242.38,,0.0,0.0,,33.2,5.4,1010.4,"",46.0506,14.5028,"Ljubljana, Slovenija","Ljubljana, Slovenija","","Clear"
"Ljubljana,Slovenia","06/13/2020",16.1,26.6,21.2,12.1,57.61,,21.1,43.2,229.21,,0.0,0.0,,30.2,21.9,1008.7,"",46.0506,14.5028,"Ljubljana, Slovenija","Ljubljana, Slovenija","","Clear"
"Ljubljana,Slovenia","06/14/2020",16.1,24.5,19.8,14.1,71.27,,20.1,36.0,230.43,,0.0,0.0,,13.5,46.1,1010.2,"",46.0506,14.5028,"Ljubljana, Slovenija","Ljubljana, Slovenija","","Partially cloudy"
"Ljubljana,Slovenia","06/15/2020",16.5,21.5,18.3,15.2,82.8,,7.2,10.8,158.35,,6.87,8.33,,14.8,68.3,1012.9,"",46.0506,14.5028,"Ljubljana, Slovenija","Ljubljana, Slovenija","","Rain, Partially cloudy"
"Ljubljana,Slovenia","06/16/2020",16.3,24.2,20.0,13.1,66.07,,12.6,24.1,154.0,,0.1,4.17,,29.5,57.7,1010.7,"",46.0506,14.5028,"Ljubljana, Slovenija","Ljubljana, Slovenija","","Rain, Partially cloudy"
"Ljubljana,Slovenia","06/17/2020",14.1,24.0,19.8,12.8,65.41,,17.9,32.4,195.04,,0.0,0.0,,32.8,33.1,1009.2,"",46.0506,14.5028,"Ljubljana, Slovenija","Ljubljana, Slovenija","","Partially cloudy"
"Ljubljana,Slovenia","06/18/2020",16.9,25.4,21.1,12.3,58.42,,21.6,39.6,231.79,,0.0,0.0,,33.0,31.9,1011.6,"",46.0506,14.5028,"Ljubljana, Slovenija","Ljubljana, Slovenija","","Partially cloudy"
"Ljubljana,Slovenia","06/19/2020",15.5,24.0,19.0,12.8,68.88,,16.4,38.5,201.33,,1.2,8.33,0.0,27.1,56.7,1014.6,"",46.0506,14.5028,"Ljubljana, Slovenija","Ljubljana, Slovenija","","Rain, Partially cloudy"
"Ljubljana,Slovenia","06/20/2020",16.0,24.0,19.6,12.4,65.86,,10.0,18.0,183.25,,1.1,8.33,0.0,22.0,50.0,1014.7,"",46.0506,14.5028,"Ljubljana, Slovenija","Ljubljana, Slovenija","","Rain, Partially cloudy"
"Ljubljana,Slovenia","06/21/2020",15.3,26.5,20.1,11.6,60.03,,14.2,33.7,211.08,,0.31,4.17,0.0,29.5,37.6,1014.7,"",46.0506,14.5028,"Ljubljana, Slovenija","Ljubljana, Slovenija","","Rain, Partially cloudy"
"Ljubljana,Slovenia","06/22/2020",15.7,29.4,22.9,9.6,45.65,28.0,21.6,39.6,145.0,,0.0,0.0,,39.6,17.5,1017.3,"",46.0506,14.5028,"Ljubljana, Slovenija","Ljubljana, Slovenija","","Clear"
"Ljubljana,Slovenia","06/23/2020",14.6,29.4,22.2,10.7,50.74,28.2,10.9,27.7,90.7,,0.0,0.0,,38.4,14.8,1019.6,"",46.0506,14.5028,"Ljubljana, Slovenija","Ljubljana, Slovenija","","Clear"
"Ljubljana,Slovenia","06/24/2020",15.8,26.5,20.6,11.8,60.17,,11.8,25.2,127.58,,1.4,4.17,,22.5,39.8,1020.1,"",46.0506,14.5028,"Ljubljana, Slovenija","Ljubljana, Slovenija","","Rain, Partially cloudy"
"Ljubljana,Slovenia","06/25/2020",15.1,19.3,16.3,14.3,87.8,,11.6,20.9,209.33,,17.6,8.33,2.0,9.8,45.2,1020.5,"",46.0506,14.5028,"Ljubljana, Slovenija","Ljubljana, Slovenija","","Rain, Partially cloudy"
"Ljubljana,Slovenia","06/26/2020",15.9,28.7,21.9,14.5,64.42,28.5,12.2,27.4,180.09,,0.0,0.0,,24.2,8.2,1015.9,"",46.0506,14.5028,"Ljubljana, Slovenija","Ljubljana, Slovenija","","Clear"
"Ljubljana,Slovenia","06/27/2020",17.2,29.0,24.1,15.1,59.31,29.2,19.5,39.2,168.04,,0.0,0.0,,23.8,7.0,1014.7,"",46.0506,14.5028,"Ljubljana, Slovenija","Ljubljana, Slovenija","","Clear"
"Ljubljana,Slovenia","06/28/2020",18.2,31.0,24.9,16.1,60.11,31.6,12.2,26.6,171.35,,0.0,0.0,,16.6,16.6,1012.4,"",46.0506,14.5028,"Ljubljana, Slovenija","Ljubljana, Slovenija","","Clear"
"Ljubljana,Slovenia","06/29/2020",16.8,30.2,20.3,15.3,75.28,30.0,22.0,46.8,146.83,,0.0,0.0,,21.3,48.5,1013.2,"",46.0506,14.5028,"Ljubljana, Slovenija","Ljubljana, Slovenija","","Partially cloudy"
"Ljubljana,Slovenia","06/30/2020",17.8,26.7,22.5,16.5,70.11,27.3,8.2,18.0,88.83,,0.0,0.0,,26.0,20.0,1012.8,"",46.0506,14.5028,"Ljubljana, Slovenija","Ljubljana, Slovenija","","Clear"
"Ljubljana,Slovenia","07/01/2020",18.8,31.0,25.1,17.6,65.06,31.9,10.8,25.6,159.04,,0.0,0.0,0.0,26.9,29.6,1010.2,"",46.0506,14.5028,"Ljubljana, Slovenija","Ljubljana, Slovenija","","Partially cloudy"
"Ljubljana,Slovenia","07/02/2020",18.0,29.5,22.0,17.4,76.57,29.6,14.1,50.4,169.58,,8.8,8.33,,13.5,49.7,1011.6,"",46.0506,14.5028,"Ljubljana, Slovenija","Ljubljana, Slovenija","","Rain, Partially cloudy"
"Ljubljana,Slovenia","07/03/2020",15.1,22.5,18.3,14.6,80.04,,9.3,15.8,134.63,,13.04,8.33,,15.4,25.3,1017.7,"",46.0506,14.5028,"Ljubljana, Slovenija","Ljubljana, Slovenija","","Rain, Partially cloudy"
"Ljubljana,Slovenia","07/04/2020",14.2,25.9,20.5,12.6,63.15,,14.1,28.8,189.35,,0.0,0.0,,25.6,10.4,1017.7,"",46.0506,14.5028,"Ljubljana, Slovenija","Ljubljana, Slovenija","","Clear"
"Ljubljana,Slovenia","07/05/2020",16.7,28.9,23.2,14.2,59.34,28.3,9.0,18.0,162.96,,0.0,0.0,,29.8,3.8,1014.1,"",46.0506,14.5028,"Ljubljana, Slovenija","Ljubljana, Slovenija","","Clear"
"Ljubljana,Slovenia","07/06/2020",12.7,30.9,21.1,14.0,68.45,30.8,23.2,90.0,144.54,,60.3,4.17,,27.9,28.7,1012.6,"",46.0506,14.5028,"Ljubljana, Slovenija","Ljubljana, Slovenija","","Rain, Partially cloudy"
"Ljubljana,Slovenia","07/07/2020",12.1,22.5,17.8,10.1,62.67,,10.7,25.2,104.09,,0.0,0.0,,36.7,12.9,1018.5,"",46.0506,14.5028,"Ljubljana, Slovenija","Ljubljana, Slovenija","","Clear"
"Ljubljana,Slovenia","07/08/2020",14.6,26.9,20.8,11.9,59.06,26.6,8.9,18.0,185.62,,0.0,0.0,,36.3,7.6,1017.4,"",46.0506,14.5028,"Ljubljana, Slovenija","Ljubljana, Slovenija","","Clear"
"Ljubljana,Slovenia","07/09/2020",16.6,29.0,23.2,13.7,58.4,28.5,8.6,19.4,177.45,,0.0,0.0,,38.0,5.3,1016.1,"",46.0506,14.5028,"Ljubljana, Slovenija","Ljubljana, Slovenija","","Clear"
"Ljubljana,Slovenia","07/10/2020",17.1,31.4,24.6,14.1,55.47,30.5,10.7,28.8,214.87,,0.0,0.0,,30.6,23.4,1013.3,"",46.0506,14.5028,"Ljubljana, Slovenija","Ljubljana, Slovenija","","Clear"
"Ljubljana,Slovenia","07/11/2020",15.4,26.9,18.5,14.3,78.24,27.6,32.3,57.6,118.67,,12.7,8.33,,17.7,39.1,1019.9,"",46.0506,14.5028,"Ljubljana, Slovenija","Ljubljana, Slovenija","","Rain, Partially cloudy"
"Ljubljana,Slovenia","07/12/2020",12.0,23.5,18.0,8.8,57.17,,14.5,31.0,104.29,,0.0,0.0,,28.5,10.8,1023.5,"",46.0506,14.5028,"Ljubljana, Slovenija","Ljubljana, Slovenija","","Clear"
"Ljubljana,Slovenia","07/13/2020",11.2,23.8,18.4,8.1,54.28,,16.6,33.5,66.74,,0.0,0.0,,36.0,21.9,1019.1,"",46.0506,14.5028,"Ljubljana, Slovenija","Ljubljana, Slovenija","","Clear"
"Ljubljana,Slovenia","07/14/2020",12.6,23.9,18.8,9.5,57.39,,11.9,25.9,163.0,,0.0,0.0,,36.3,23.6,1014.9,"",46.0506,14.5028,"Ljubljana, Slovenija","Ljubljana, Slovenija","","Clear"
"Ljubljana,Slovenia","07/15/2020",14.3,26.9,20.7,11.9,59.99,26.5,10.7,25.2,156.41,,0.0,0.0,,31.8,32.0,1013.6,"",46.0506,14.5028,"Ljubljana, Slovenija","Ljubljana, Slovenija","","Partially cloudy"
"Ljubljana,Slovenia","07/16/2020",16.5,25.5,19.2,14.8,78.12,,14.3,43.2,118.83,,10.7,8.33,,18.8,49.1,1014.4,"",46.0506,14.5028,"Ljubljana, Slovenija","Ljubljana, Slovenija","","Rain, Partially cloudy"
"Ljubljana,Slovenia","07/17/2020",12.2,20.9,16.5,12.2,76.85,,10.7,23.8,186.32,,0.5,4.17,,15.2,32.1,1016.7,"",46.0506,14.5028,"Ljubljana, Slovenija","Ljubljana, Slovenija","","Rain, Partially cloudy"
"Ljubljana,Slovenia","07/18/2020",12.5,22.0,17.3,11.2,69.32,,10.9,21.2,164.45,,0.1,4.17,,17.7,33.6,1016.3,"",46.0506,14.5028,"Ljubljana, Slovenija","Ljubljana, Slovenija","","Rain, Partially cloudy"
"Ljubljana,Slovenia","07/19/2020",16.5,25.5,21.4,14.2,65.4,,7.9,16.2,172.57,,0.0,0.0,,26.5,17.8,1015.2,"",46.0506,14.5028,"Ljubljana, Slovenija","Ljubljana, Slovenija","","Clear"
"Ljubljana,Slovenia","07/20/2020",17.0,30.0,23.6,14.9,61.23,29.3,11.0,21.6,224.87,,0.0,0.0,,31.4,5.0,1017.6,"",46.0506,14.5028,"Ljubljana, Slovenija","Ljubljana, Slovenija","","Clear"
"Ljubljana,Slovenia","07/21/2020",18.1,31.2,24.3,16.3,62.85,31.5,10.8,23.8,166.67,,0.0,0.0,,29.3,13.5,1017.9,"",46.0506,14.5028,"Ljubljana, Slovenija","Ljubljana, Slovenija","","Clear"
"Ljubljana,Slovenia","07/22/2020",17.0,29.3,21.3,16.8,77.89,29.6,14.3,25.2,151.74,,24.54,8.33,,16.4,25.3,1016.6,"",46.0506,14.5028,"Ljubljana, Slovenija","Ljubljana, Slovenija","","Rain, Partially cloudy"
"Ljubljana,Slovenia","07/23/2020",16.9,28.9,21.9,15.7,70.88,29.0,18.1,38.9,176.25,,0.0,0.0,,17.9,33.2,1013.1,"",46.0506,14.5028,"Ljubljana, Slovenija","Ljubljana, Slovenija","","Partially cloudy"
"Ljubljana,Slovenia","07/24/2020",17.0,23.5,19.0,16.3,84.94,,10.8,21.6,183.17,,4.97,8.33,,12.7,48.0,1011.4,"",46.0506,14.5028,"Ljubljana, Slovenija","Ljubljana, Slovenija","","Rain, Partially cloudy"
"Ljubljana,Slovenia","07/25/2020",15.6,27.0,21.0,15.4,73.71,27.0,10.8,18.0,130.48,,2.2,12.5,0.0,17.5,19.1,1013.8,"",46.0506,14.5028,"Ljubljana, Slovenija","Ljubljana, Slovenija","","Rain"
"Ljubljana,Slovenia","07/26/2020",17.1,28.9,23.0,15.3,64.59,28.4,13.6,27.4,259.96,,0.0,0.0,,28.9,19.0,1016.0,"",46.0506,14.5028,"Ljubljana, Slovenija","Ljubljana, Slovenija","","Clear"
"Ljubljana,Slovenia","07/27/2020",18.1,29.9,24.2,17.1,66.24,30.2,12.2,19.4,171.36,,0.0,0.0,,35.5,6.8,1015.9,"",46.0506,14.5028,"Ljubljana, Slovenija","Ljubljana, Slovenija","","Clear"
"Ljubljana,Slovenia","07/28/2020",20.1,32.9,26.6,18.1,61.73,33.8,14.3,25.2,208.96,,0.0,0.0,,35.1,11.4,1013.9,"",46.0506,14.5028,"Ljubljana, Slovenija","Ljubljana, Slovenija","","Clear"
"Ljubljana,Slovenia","07/29/2020",19.6,31.4,24.7,19.4,74.75,33.8,12.6,32.4,184.88,,0.0,0.0,,21.8,37.6,1017.1,"",46.0506,14.5028,"Ljubljana, Slovenija","Ljubljana, Slovenija","","Partially cloudy"
"Ljubljana,Slovenia","07/30/2020",20.9,30.7,25.6,20.4,75.15,32.5,7.2,18.0,105.52,,0.0,0.0,,16.2,21.0,1016.7,"",46.0506,14.5028,"Ljubljana, Slovenija","Ljubljana, Slovenija","","Clear"
"Ljubljana,Slovenia","07/31/2020",21.0,31.7,25.7,20.1,72.03,35.6,19.0,28.4,183.13,,0.0,0.0,,14.8,23.2,1014.3,"",46.0506,14.5028,"Ljubljana, Slovenija","Ljubljana, Slovenija","","Clear"
"Ljubljana,Slovenia","08/01/2020",20.1,32.9,25.7,19.2,69.4,34.7,14.4,23.0,171.0,,0.1,4.17,,14.4,32.8,1012.6,"",46.0506,14.5028,"Ljubljana, Slovenija","Ljubljana, Slovenija","","Rain, Partially cloudy"
"Ljubljana,Slovenia","08/02/2020",18.5,22.5,19.6,18.0,90.74,,12.6,21.6,217.68,,17.77,12.5,,10.0,42.0,1011.3,"",46.0506,14.5028,"Ljubljana, Slovenija","Ljubljana, Slovenija","","Rain, Partially cloudy"
"Ljubljana,Slovenia","08/03/2020",16.8,22.6,19.0,17.0,88.78,,12.6,20.9,138.58,,21.53,12.5,,11.0,62.3,1005.1,"",46.0506,14.5028,"Ljubljana, Slovenija","Ljubljana, Slovenija","","Rain, Partially cloudy"
"Ljubljana,Slovenia","08/04/2020",15.0,23.9,17.9,14.4,80.68,,14.2,28.8,181.88,,2.6,8.33,,19.3,62.4,1010.9,"",46.0506,14.5028,"Ljubljana, Slovenija","Ljubljana, Slovenija","","Rain, Partially cloudy"
"Ljubljana,Slovenia","08/05/2020",16.9,22.4,18.6,14.3,76.5,,12.5,21.6,205.48,,0.9,4.17,,25.2,51.3,1016.5,"",46.0506,14.5028,"Ljubljana, Slovenija","Ljubljana, Slovenija","","Rain, Partially cloudy"
"Ljubljana,Slovenia","08/06/2020",17.6,26.0,21.4,17.0,77.1,,10.8,21.6,195.0,,0.0,0.0,,21.5,26.0,1018.7,"",46.0506,14.5028,"Ljubljana, Slovenija","Ljubljana, Slovenija","","Partially cloudy"
"Ljubljana,Slovenia","08/07/2020",17.2,30.4,23.8,16.1,64.0,30.3,14.4,28.8,143.0,,0.0,0.0,,29.8,6.7,1018.9,"",46.0506,14.5028,"Ljubljana, Slovenija","Ljubljana, Slovenija","","Clear"
"Ljubljana,Slovenia","08/08/2020",18.1,31.0,24.7,16.4,63.86,30.6,14.4,28.8,145.0,,0.0,0.0,,23.8,5.0,1018.1,"",46.0506,14.5028,"Ljubljana, Slovenija","Ljubljana, Slovenija","","Clear"
"Ljubljana,Slovenia","08/09/2020",19.0,31.5,25.1,18.0,67.47,32.7,11.9,21.6,143.33,,0.0,0.0,,21.1,16.3,1015.6,"",46.0506,14.5028,"Ljubljana, Slovenija","Ljubljana, Slovenija","","Clear"
"Ljubljana,Slovenia","08/10/2020",19.6,31.4,25.2,17.9,66.7,31.1,8.0,18.0,157.13,,0.0,0.0,,25.6,25.5,1015.1,"",46.0506,14.5028,"Ljubljana, Slovenija","Ljubljana, Slovenija","","Partially cloudy"
"Ljubljana,Slovenia","08/11/2020",18.0,27.5,22.0,17.3,76.13,28.5,16.5,28.8,229.75,,0.8,8.33,,17.5,45.6,1017.3,"",46.0506,14.5028,"Ljubljana, Slovenija","Ljubljana, Slovenija","","Rain, Partially cloudy"
"Ljubljana,Slovenia","08/12/2020",19.0,29.5,23.7,18.8,75.7,30.4,10.8,21.6,130.32,,0.0,0.0,,18.1,32.8,1016.6,"",46.0506,14.5028,"Ljubljana, Slovenija","Ljubljana, Slovenija","","Partially cloudy"
"Ljubljana,Slovenia","08/13/2020",19.4,31.4,25.0,17.5,65.37,32.0,14.4,27.4,207.87,,0.2,8.33,,20.3,32.7,1013.4,"",46.0506,14.5028,"Ljubljana, Slovenija","Ljubljana, Slovenija","","Rain, Partially cloudy"
"Ljubljana,Slovenia","08/14/2020",17.1,28.7,20.7,16.8,80.57,29.6,14.0,43.6,167.91,,26.72,8.33,,12.1,41.3,1013.3,"",46.0506,14.5028,"Ljubljana, Slovenija","Ljubljana, Slovenija","","Rain, Partially cloudy"
"Ljubljana,Slovenia","08/15/2020",19.0,27.0,22.4,18.1,78.28,27.9,8.6,18.0,128.04,,0.0,0.0,,13.0,32.6,1012.7,"",46.0506,14.5028,"Ljubljana, Slovenija","Ljubljana, Slovenija","","Partially cloudy"
"Ljubljana,Slovenia","08/16/2020",18.6,28.5,23.1,18.2,75.26,29.7,10.8,22.0,173.92,,0.0,0.0,,10.1,34.5,1011.5,"",46.0506,14.5028,"Ljubljana, Slovenija","Ljubljana, Slovenija","","Partially cloudy"
"Ljubljana,Slovenia","08/17/2020",15.1,30.4,21.3,16.6,77.23,30.7,21.4,46.8,241.71,,4.4,4.17,,14.6,47.7,1010.4,"",46.0506,14.5028,"Ljubljana, Slovenija","Ljubljana, Slovenija","","Rain, Partially cloudy"
"Ljubljana,Slovenia","08/18/2020",14.6,23.9,20.0,16.2,79.88,,9.4,14.0,150.22,,0.0,0.0,,15.2,50.6,1011.0,"",46.0506,14.5028,"Ljubljana, Slovenija","Ljubljana, Slovenija","","Partially cloudy"
"Ljubljana,Slovenia","08/19/2020",15.1,27.0,21.1,14.7,69.04,27.1,12.5,25.2,219.74,,0.2,4.17,,30.2,16.7,1011.7,"",46.0506,14.5028,"Ljubljana, Slovenija","Ljubljana, Slovenija","","Rain"
"Ljubljana,Slovenia","08/20/2020",18.1,29.9,23.8,17.1,68.65,30.2,10.8,21.6,200.09,,0.0,0.0,,31.0,3.4,1014.8,"",46.0506,14.5028,"Ljubljana, Slovenija","Ljubljana, Slovenija","","Clear"
"Ljubljana,Slovenia","08/21/2020",19.2,31.4,24.8,18.9,72.0,32.9,14.7,28.1,195.71,,0.0,0.0,,16.0,1.8,1015.3,"",46.0506,14.5028,"Ljubljana, Slovenija","Ljubljana, Slovenija","","Clear"
"Ljubljana,Slovenia","08/22/2020",20.3,31.1,25.2,18.5,67.85,32.9,16.1,29.5,176.25,,0.0,0.0,,16.5,26.4,1013.8,"",46.0506,14.5028,"Ljubljana, Slovenija","Ljubljana, Slovenija","","Partially cloudy"
"Ljubljana,Slovenia","08/23/2020",17.8,25.3,21.1,16.5,75.65,,10.8,23.8,134.46,,0.7,4.17,,16.2,46.4,1015.9,"",46.0506,14.5028,"Ljubljana, Slovenija","Ljubljana, Slovenija","","Rain, Partially cloudy"
"Ljubljana,Slovenia","08/24/2020",15.6,22.9,19.4,13.3,68.62,,16.2,25.9,121.96,,0.1,4.17,,23.2,26.8,1015.5,"",46.0506,14.5028,"Ljubljana, Slovenija","Ljubljana, Slovenija","","Rain, Partially cloudy"
"Ljubljana,Slovenia","08/25/2020",11.2,26.5,19.1,12.5,70.24,,9.0,20.5,129.19,,0.0,0.0,,20.3,20.1,1015.4,"",46.0506,14.5028,"Ljubljana, Slovenija","Ljubljana, Slovenija","","Clear"
"Ljubljana,Slovenia","08/26/2020",16.1,27.9,21.9,14.9,66.65,27.9,17.8,35.6,196.04,,0.0,0.0,,24.8,15.9,1014.2,"",46.0506,14.5028,"Ljubljana, Slovenija","Ljubljana, Slovenija","","Clear"
"Ljubljana,Slovenia","08/27/2020",17.0,27.9,22.4,15.2,66.8,27.6,10.5,21.6,126.13,,0.0,0.0,,15.8,17.3,1012.4,"",46.0506,14.5028,"Ljubljana, Slovenija","Ljubljana, Slovenija","","Clear"
"Ljubljana,Slovenia","08/28/2020",20.0,28.5,23.5,17.3,69.43,29.0,7.2,14.8,145.7,,0.2,4.17,,19.3,34.0,1006.3,"",46.0506,14.5028,"Ljubljana, Slovenija","Ljubljana, Slovenija","","Rain, Partially cloudy"
"Ljubljana,Slovenia","08/29/2020",17.7,29.8,22.8,17.4,73.9,29.7,13.4,29.5,254.63,,0.0,0.0,,16.3,34.3,1005.4,"",46.0506,14.5028,"Ljubljana, Slovenija","Ljubljana, Slovenija","","Partially cloudy"
"Ljubljana,Slovenia","08/30/2020",15.6,24.0,19.2,17.2,88.75,,7.6,26.3,206.52,,10.57,12.5,,10.5,34.4,1010.1,"",46.0506,14.5028,"Ljubljana, Slovenija","Ljubljana, Slovenija","","Rain, Partially cloudy"
"Ljubljana,Slovenia","08/31/2020",13.4,19.0,15.3,13.6,90.07,,8.2,18.4,143.75,,28.62,12.5,,10.7,50.0,1012.0,"",46.0506,14.5028,"Ljubljana, Slovenija","Ljubljana, Slovenija","","Rain, Partially cloudy"
"Ljubljana,Slovenia","09/01/2020",13.1,22.5,16.9,12.3,76.42,,10.8,18.0,170.22,,0.1,4.17,,17.4,40.4,1014.1,"",46.0506,14.5028,"Ljubljana, Slovenija","Ljubljana, Slovenija","","Rain, Partially cloudy"
"Ljubljana,Slovenia","09/02/2020",12.6,21.7,16.4,11.5,74.45,,10.8,19.4,159.09,,0.0,0.0,,22.2,34.5,1019.3,"",46.0506,14.5028,"Ljubljana, Slovenija","Ljubljana, Slovenija","","Partially cloudy"
"Ljubljana,Slovenia","09/03/2020",10.7,22.5,16.6,11.4,73.79,,7.3,18.0,144.86,,0.0,0.0,,21.2,17.5,1024.9,"",46.0506,14.5028,"Ljubljana, Slovenija","Ljubljana, Slovenija","","Clear"
"Ljubljana,Slovenia","09/04/2020",13.1,26.0,18.9,12.7,70.79,,7.2,14.4,130.65,,0.0,0.0,,19.7,13.3,1023.6,"",46.0506,14.5028,"Ljubljana, Slovenija","Ljubljana, Slovenija","","Clear"
"Ljubljana,Slovenia","09/05/2020",13.7,29.2,20.8,14.6,70.74,29.4,8.2,18.0,171.9,,0.0,0.0,,23.0,9.7,1015.5,"",46.0506,14.5028,"Ljubljana, Slovenija","Ljubljana, Slovenija","","Clear"
"Ljubljana,Slovenia","09/06/2020",18.0,26.5,21.1,15.1,69.69,,12.3,27.7,148.48,,0.0,0.0,,18.2,38.3,1014.7,"",46.0506,14.5028,"Ljubljana, Slovenija","Ljubljana, Slovenija","","Partially cloudy"
"Ljubljana,Slovenia","09/07/2020",12.8,21.0,17.5,13.0,75.79,,10.7,20.5,91.64,,0.0,0.0,,23.0,54.8,1024.2,"",46.0506,14.5028,"Ljubljana, Slovenija","Ljubljana, Slovenija","","Partially cloudy"
"Ljubljana,Slovenia","09/08/2020",11.6,23.9,17.3,11.1,69.7,,11.5,19.4,93.0,,0.0,0.0,,25.9,5.4,1027.0,"",46.0506,14.5028,"Ljubljana, Slovenija","Ljubljana, Slovenija","","Clear"
"Ljubljana,Slovenia","09/09/2020",14.6,25.4,19.2,14.4,76.6,,7.2,15.1,105.33,,0.0,0.0,,23.0,16.2,1020.5,"",46.0506,14.5028,"Ljubljana, Slovenija","Ljubljana, Slovenija","","Clear"
"Ljubljana,Slovenia","09/10/2020",15.0,26.5,20.6,15.1,73.22,,12.5,26.3,172.59,,0.0,0.0,,16.9,26.1,1017.0,"",46.0506,14.5028,"Ljubljana, Slovenija","Ljubljana, Slovenija","","Partially cloudy"
"Ljubljana,Slovenia","09/11/2020",14.6,25.9,19.8,14.3,72.49,,12.2,19.8,143.33,,0.0,0.0,,16.3,14.0,1017.3,"",46.0506,14.5028,"Ljubljana, Slovenija","Ljubljana, Slovenija","","Clear"
"Ljubljana,Slovenia","09/12/2020",14.7,27.5,20.6,14.3,69.85,27.4,11.6,21.6,138.87,,0.0,0.0,,20.0,4.6,1021.8,"",46.0506,14.5028,"Ljubljana, Slovenija","Ljubljana, Slovenija","","Clear"
"Ljubljana,Slovenia","09/13/2020",15.5,28.5,21.4,15.4,71.36,28.5,14.1,25.2,96.0,,0.0,0.0,,13.5,7.9,1026.7,"",46.0506,14.5028,"Ljubljana, Slovenija","Ljubljana, Slovenija","","Clear"
"Ljubljana,Slovenia","09/14/2020",15.1,28.0,21.0,13.8,66.06,27.8,13.0,22.7,183.39,,0.0,0.0,,22.3,6.5,1026.1,"",46.0506,14.5028,"Ljubljana, Slovenija","Ljubljana, Slovenija","","Clear"
"Ljubljana,Slovenia","09/15/2020",15.1,28.8,21.5,14.5,67.11,28.5,8.3,21.6,162.71,,0.0,0.0,,21.6,12.9,1021.1,"",46.0506,14.5028,"Ljubljana, Slovenija","Ljubljana, Slovenija","","Clear"
"Ljubljana,Slovenia","09/16/2020",14.9,27.0,20.4,14.7,71.65,27.3,7.2,18.0,132.83,,0.0,0.0,,17.2,26.6,1016.9,"",46.0506,14.5028,"Ljubljana, Slovenija","Ljubljana, Slovenija","","Partially cloudy"
"Ljubljana,Slovenia","09/17/2020",15.9,26.5,19.7,13.5,69.58,,17.1,31.7,155.52,,0.0,0.0,,18.4,40.9,1020.7,"",46.0506,14.5028,"Ljubljana, Slovenija","Ljubljana, Slovenija","","Partially cloudy"
"Ljubljana,Slovenia","09/18/2020",10.6,21.5,16.0,9.7,67.43,,10.8,21.6,107.42,,0.0,0.0,,20.1,21.9,1024.6,"",46.0506,14.5028,"Ljubljana, Slovenija","Ljubljana, Slovenija","","Clear"
"Ljubljana,Slovenia","09/19/2020",9.6,21.9,14.9,8.3,67.77,,10.8,21.6,124.86,,0.0,0.0,0.0,26.0,11.9,1020.2,"",46.0506,14.5028,"Ljubljana, Slovenija","Ljubljana, Slovenija","","Clear"
"Ljubljana,Slovenia","09/20/2020",11.6,23.2,16.7,10.6,69.72,,6.5,15.1,88.32,,0.0,0.0,,21.5,16.6,1017.4,"",46.0506,14.5028,"Ljubljana, Slovenija","Ljubljana, Slovenija","","Clear"
"Ljubljana,Slovenia","09/21/2020",14.4,22.0,17.7,14.2,81.23,,11.2,15.5,212.61,,0.3,8.33,0.0,10.0,35.4,1016.9,"",46.0506,14.5028,"Ljubljana, Slovenija","Ljubljana, Slovenija","","Rain, Partially cloudy"
"Ljubljana,Slovenia","09/22/2020",14.9,20.5,17.3,15.8,91.2,,7.6,15.1,208.19,,0.78,8.33,,6.3,53.0,1012.5,"",46.0506,14.5028,"Ljubljana, Slovenija","Ljubljana, Slovenija","","Rain, Partially cloudy"
"Ljubljana,Slovenia","09/23/2020",13.5,22.8,16.6,14.2,86.28,,10.8,28.8,182.79,,5.43,8.33,1.0,11.1,32.4,1010.3,"",46.0506,14.5028,"Ljubljana, Slovenija","Ljubljana, Slovenija","","Rain, Partially cloudy"
"Ljubljana,Slovenia","09/24/2020",15.6,23.2,18.6,14.5,78.98,,10.8,25.2,169.33,,40.0,4.17,,11.8,41.4,1006.2,"",46.0506,14.5028,"Ljubljana, Slovenija","Ljubljana, Slovenija","","Rain, Partially cloudy"
"Ljubljana,Slovenia","09/25/2020",7.5,18.4,12.3,10.2,87.25,,21.6,43.2,189.33,5.0,45.39,12.5,,14.4,52.8,994.8,"",46.0506,14.5028,"Ljubljana, Slovenija","Ljubljana, Slovenija","","Rain, Partially cloudy"
"Ljubljana,Slovenia","09/26/2020",3.3,14.5,7.9,4.6,81.6,,6.8,14.0,186.67,2.0,1.3,12.5,,16.1,16.7,1002.6,"",46.0506,14.5028,"Ljubljana, Slovenija","Ljubljana, Slovenija","","Rain"
"Ljubljana,Slovenia","09/27/2020",9.1,13.7,10.7,8.1,84.29,,17.9,33.1,186.25,6.9,21.0,8.33,,11.0,50.5,1004.5,"",46.0506,14.5028,"Ljubljana, Slovenija","Ljubljana, Slovenija","","Rain, Partially cloudy"
"Ljubljana,Slovenia","09/28/2020",9.0,11.5,10.1,8.8,91.63,,13.3,24.5,213.17,,12.39,12.5,,9.0,51.2,1013.3,"",46.0506,14.5028,"Ljubljana, Slovenija","Ljubljana, Slovenija","","Rain, Partially cloudy"
"Ljubljana,Slovenia","09/29/2020",6.0,19.0,11.6,8.2,81.66,,9.7,18.0,166.73,,0.0,0.0,,16.6,14.4,1017.2,"",46.0506,14.5028,"Ljubljana, Slovenija","Ljubljana, Slovenija","","Clear"
"Ljubljana,Slovenia","09/30/2020",8.1,21.9,13.2,8.5,76.44,,11.4,22.3,113.85,8.1,0.0,0.0,,19.3,8.7,1011.6,"",46.0506,14.5028,"Ljubljana, Slovenija","Ljubljana, Slovenija","","Clear"
"Ljubljana,Slovenia","10/01/2020",12.1,20.7,15.4,11.2,77.04,,17.6,36.0,191.71,,0.0,0.0,,21.3,49.4,1006.0,"",46.0506,14.5028,"Ljubljana, Slovenija","Ljubljana, Slovenija","","Partially cloudy"
"Ljubljana,Slovenia","10/02/2020",12.6,21.0,15.5,12.7,84.23,,14.3,25.2,111.86,,0.9,8.33,0.0,13.4,52.8,1004.1,"",46.0506,14.5028,"Ljubljana, Slovenija","Ljubljana, Slovenija","","Rain, Partially cloudy"
"Ljubljana,Slovenia","10/03/2020",12.1,17.6,15.2,13.7,90.97,,11.9,27.4,186.63,,23.78,12.5,,13.0,40.5,1002.0,"",46.0506,14.5028,"Ljubljana, Slovenija","Ljubljana, Slovenija","","Rain, Partially cloudy"
"Ljubljana,Slovenia","10/04/2020",10.9,18.7,13.8,10.2,80.6,,18.1,42.5,140.75,,7.94,8.33,,10.9,37.1,1008.3,"",46.0506,14.5028,"Ljubljana, Slovenija","Ljubljana, Slovenija","","Rain, Partially cloudy"
"Ljubljana,Slovenia","10/05/2020",9.5,19.0,12.7,10.0,84.75,,10.8,21.6,184.76,,11.81,8.33,,11.5,32.4,1012.4,"",46.0506,14.5028,"Ljubljana, Slovenija","Ljubljana, Slovenija","","Rain, Partially cloudy"
"Ljubljana,Slovenia","10/06/2020",10.4,19.0,14.4,9.7,75.27,,16.1,34.9,202.57,,0.0,0.0,,16.9,47.3,1011.8,"",46.0506,14.5028,"Ljubljana, Slovenija","Ljubljana, Slovenija","","Partially cloudy"
"Ljubljana,Slovenia","10/07/2020",6.6,13.7,9.7,8.3,90.93,,8.2,14.4,214.35,,17.03,4.17,0.0,9.7,46.1,1019.0,"",46.0506,14.5028,"Ljubljana, Slovenija","Ljubljana, Slovenija","","Rain, Partially cloudy"
"Ljubljana,Slovenia","10/08/2020",8.2,17.5,11.1,8.2,84.17,,5.0,12.2,168.18,,0.1,4.17,,20.3,12.5,1023.8,"",46.0506,14.5028,"Ljubljana, Slovenija","Ljubljana, Slovenija","","Rain"
"Ljubljana,Slovenia","10/09/2020",8.0,18.6,13.0,10.6,86.43,,6.5,11.9,150.57,,0.0,0.0,,12.5,22.2,1020.8,"",46.0506,14.5028,"Ljubljana, Slovenija","Ljubljana, Slovenija","","Clear"
"Ljubljana,Slovenia","10/10/2020",9.5,19.0,13.1,10.1,82.65,,14.8,14.4,139.33,,6.3,4.17,,13.9,30.7,1017.3,"",46.0506,14.5028,"Ljubljana, Slovenija","Ljubljana, Slovenija","","Rain, Partially cloudy"
"Ljubljana,Slovenia","10/11/2020",3.8,8.9,5.5,4.4,92.6,,17.5,28.8,220.7,2.3,61.44,12.5,,8.4,38.7,1016.1,"",46.0506,14.5028,"Ljubljana, Slovenija","Ljubljana, Slovenija","","Rain, Partially cloudy"
"Ljubljana,Slovenia","10/12/2020",3.9,10.1,6.9,4.3,83.98,,7.6,14.4,194.4,8.4,0.0,0.0,,19.6,56.1,1012.5,"",46.0506,14.5028,"Ljubljana, Slovenija","Ljubljana, Slovenija","","Partially cloudy"
"Ljubljana,Slovenia","10/13/2020",4.1,14.4,9.3,4.0,70.64,,8.2,21.6,158.68,,0.1,4.17,,24.6,32.4,1008.4,"",46.0506,14.5028,"Ljubljana, Slovenija","Ljubljana, Slovenija","","Rain, Partially cloudy"
"Ljubljana,Slovenia","10/14/2020",7.1,16.4,10.8,5.2,71.33,,14.4,33.5,183.22,6.1,7.2,4.17,,24.1,49.3,1010.3,"",46.0506,14.5028,"Ljubljana, Slovenija","Ljubljana, Slovenija","","Rain, Partially cloudy"
"Ljubljana,Slovenia","10/15/2020",6.6,8.5,7.2,5.9,91.2,,10.8,18.4,238.13,5.1,37.09,12.5,,9.3,69.1,1011.9,"",46.0506,14.5028,"Ljubljana, Slovenija","Ljubljana, Slovenija","","Rain, Partially cloudy"
"Ljubljana,Slovenia","10/16/2020",6.9,12.4,9.0,6.5,84.71,,5.4,10.8,210.57,7.1,0.1,4.17,,10.2,45.5,1014.3,"",46.0506,14.5028,"Ljubljana, Slovenija","Ljubljana, Slovenija","","Rain, Partially cloudy"
"Ljubljana,Slovenia","10/17/2020",5.3,12.0,8.4,6.1,86.01,,5.0,11.9,189.15,,0.0,0.0,,9.3,30.6,1018.3,"",46.0506,14.5028,"Ljubljana, Slovenija","Ljubljana, Slovenija","","Partially cloudy"
"Ljubljana,Slovenia","10/18/2020",6.3,15.0,9.2,6.3,83.46,,5.4,15.1,226.7,7.0,0.0,0.0,,11.0,13.1,1023.9,"",46.0506,14.5028,"Ljubljana, Slovenija","Ljubljana, Slovenija","","Clear"
"Ljubljana,Slovenia","10/19/2020",7.0,13.3,9.6,7.0,84.71,,7.6,10.8,147.39,7.1,0.0,0.0,,11.7,38.0,1025.0,"",46.0506,14.5028,"Ljubljana, Slovenija","Ljubljana, Slovenija","","Partially cloudy"
"Ljubljana,Slovenia","10/20/2020",7.6,15.5,11.1,7.0,76.54,,14.5,32.4,240.65,8.3,0.0,0.0,,16.3,39.1,1023.4,"",46.0506,14.5028,"Ljubljana, Slovenija","Ljubljana, Slovenija","","Partially cloudy"
"Ljubljana,Slovenia","10/21/2020",12.5,17.4,14.2,7.8,65.66,,21.9,46.8,248.83,,0.0,0.0,,20.5,34.7,1021.9,"",46.0506,14.5028,"Ljubljana, Slovenija","Ljubljana, Slovenija","","Partially cloudy"
"Ljubljana,Slovenia","10/22/2020",13.0,18.1,15.1,9.0,67.16,,23.8,48.2,237.04,,0.0,0.0,,23.6,48.5,1021.1,"",46.0506,14.5028,"Ljubljana, Slovenija","Ljubljana, Slovenija","","Partially cloudy"
"Ljubljana,Slovenia","10/23/2020",14.0,17.4,15.3,12.2,82.68,,14.1,38.2,240.92,,0.5,4.17,,13.8,59.9,1017.5,"",46.0506,14.5028,"Ljubljana, Slovenija","Ljubljana, Slovenija","","Rain, Partially cloudy"
"Ljubljana,Slovenia","10/24/2020",11.3,15.9,13.4,12.2,92.7,,5.4,15.1,247.72,,8.06,12.0,,7.7,24.2,1016.1,"",46.0506,14.5028,"Ljubljana, Slovenija","Ljubljana, Slovenija","","Rain"
"Ljubljana,Slovenia","10/25/2020",12.9,16.7,14.4,10.7,78.71,,12.2,28.8,195.5,,0.78,4.17,,15.8,33.9,1011.6,"",46.0506,14.5028,"Ljubljana, Slovenija","Ljubljana, Slovenija","","Rain, Partially cloudy"
"Ljubljana,Slovenia","10/26/2020",10.2,17.4,13.1,9.8,81.36,,14.3,28.8,154.13,,0.6,4.17,,15.2,58.8,1008.1,"",46.0506,14.5028,"Ljubljana, Slovenija","Ljubljana, Slovenija","","Rain, Partially cloudy"
"Ljubljana,Slovenia","10/27/2020",7.6,13.5,11.2,10.0,92.2,,5.4,10.8,224.96,,10.03,4.17,,8.3,42.1,1014.6,"",46.0506,14.5028,"Ljubljana, Slovenija","Ljubljana, Slovenija","","Rain, Partially cloudy"
"Ljubljana,Slovenia","10/28/2020",6.1,16.0,10.0,7.4,85.04,,7.6,10.8,137.1,,0.0,0.0,,15.8,38.2,1018.4,"",46.0506,14.5028,"Ljubljana, Slovenija","Ljubljana, Slovenija","","Partially cloudy"
"Ljubljana,Slovenia","10/29/2020",6.9,14.9,10.0,7.6,85.85,,10.9,10.8,224.19,6.5,0.0,0.0,,17.6,37.8,1022.7,"",46.0506,14.5028,"Ljubljana, Slovenija","Ljubljana, Slovenija","","Partially cloudy"
"Ljubljana,Slovenia","10/30/2020",7.5,16.1,11.8,8.1,79.57,,5.4,14.4,186.19,6.8,0.0,0.0,,14.5,17.3,1023.6,"",46.0506,14.5028,"Ljubljana, Slovenija","Ljubljana, Slovenija","","Clear"
"Ljubljana,Slovenia","10/31/2020",6.7,21.4,11.1,7.7,82.46,,9.4,9.7,219.4,5.3,0.0,0.0,,12.5,3.9,1023.2,"",46.0506,14.5028,"Ljubljana, Slovenija","Ljubljana, Slovenija","","Clear"
"Ljubljana,Slovenia","11/01/2020",7.2,15.0,10.8,8.5,86.74,,5.4,7.9,172.26,,0.0,0.0,,11.7,30.6,1021.7,"",46.0506,14.5028,"Ljubljana, Slovenija","Ljubljana, Slovenija","","Partially cloudy"
"Ljubljana,Slovenia","11/02/2020",8.5,18.9,13.3,8.7,74.59,,15.4,33.8,249.0,,0.0,0.0,,25.0,27.1,1022.4,"",46.0506,14.5028,"Ljubljana, Slovenija","Ljubljana, Slovenija","","Partially cloudy"
"Ljubljana,Slovenia","11/03/2020",8.7,19.0,12.4,8.5,78.29,,10.4,19.1,217.1,8.0,0.0,0.0,,21.8,30.7,1022.4,"",46.0506,14.5028,"Ljubljana, Slovenija","Ljubljana, Slovenija","","Partially cloudy"
"Ljubljana,Slovenia","11/04/2020",9.5,12.5,10.8,8.8,87.69,,8.0,18.0,158.22,,0.51,8.33,,11.1,72.9,1029.7,"",46.0506,14.5028,"Ljubljana, Slovenija","Ljubljana, Slovenija","","Rain, Partially cloudy"
"Ljubljana,Slovenia","11/05/2020",4.3,12.4,8.8,4.7,76.52,,7.3,14.4,145.45,7.3,0.43,8.33,,18.3,44.4,1035.0,"",46.0506,14.5028,"Ljubljana, Slovenija","Ljubljana, Slovenija","","Rain, Partially cloudy"
"Ljubljana,Slovenia","11/06/2020",1.2,14.5,6.4,2.0,75.98,,5.7,12.6,211.16,-0.2,0.0,0.0,,20.7,3.8,1034.3,"",46.0506,14.5028,"Ljubljana, Slovenija","Ljubljana, Slovenija","","Clear"
"Ljubljana,Slovenia","11/07/2020",1.5,12.0,5.2,2.1,81.1,,6.7,8.3,224.29,8.9,0.0,0.0,,14.2,5.0,1030.7,"",46.0506,14.5028,"Ljubljana, Slovenija","Ljubljana, Slovenija","","Clear"
"Ljubljana,Slovenia","11/08/2020",1.9,8.8,4.1,2.0,87.21,,7.2,16.9,162.32,6.0,0.0,0.0,,8.5,12.9,1027.6,"",46.0506,14.5028,"Ljubljana, Slovenija","Ljubljana, Slovenija","","Clear"
"Ljubljana,Slovenia","11/09/2020",4.1,5.9,4.9,3.5,91.03,,7.6,11.5,120.67,2.7,0.2,4.17,,3.2,73.0,1029.4,"",46.0506,14.5028,"Ljubljana, Slovenija","Ljubljana, Slovenija","","Rain, Partially cloudy"
"Ljubljana,Slovenia","11/10/2020",5.0,5.9,5.3,2.7,83.47,,7.6,14.4,226.13,3.3,0.1,4.17,,9.0,73.0,1030.7,"",46.0506,14.5028,"Ljubljana, Slovenija","Ljubljana, Slovenija","","Rain, Partially cloudy"
"Ljubljana,Slovenia","11/11/2020",4.6,6.9,5.6,2.5,80.65,,5.0,10.8,143.7,5.7,1.2,4.17,,11.1,72.0,1027.9,"",46.0506,14.5028,"Ljubljana, Slovenija","Ljubljana, Slovenija","","Rain, Partially cloudy"
"Ljubljana,Slovenia","11/12/2020",4.6,7.9,6.4,4.4,87.12,,7.6,14.4,170.05,4.0,0.29,4.17,,5.2,55.5,1026.5,"",46.0506,14.5028,"Ljubljana, Slovenija","Ljubljana, Slovenija","","Rain, Partially cloudy"
"Ljubljana,Slovenia","11/13/2020",3.7,11.1,6.6,4.7,87.92,,3.6,8.6,184.32,,0.1,4.17,,6.7,18.5,1026.3,"",46.0506,14.5028,"Ljubljana, Slovenija","Ljubljana, Slovenija","","Rain"
"Ljubljana,Slovenia","11/14/2020",3.4,13.1,6.9,4.6,86.19,,10.7,22.3,152.09,5.0,0.0,0.0,,11.3,11.7,1024.8,"",46.0506,14.5028,"Ljubljana, Slovenija","Ljubljana, Slovenija","","Clear"
"Ljubljana,Slovenia","11/15/2020",5.8,10.9,8.7,5.9,83.08,,11.2,28.8,197.14,7.1,0.0,0.0,,9.1,40.7,1019.8,"",46.0506,14.5028,"Ljubljana, Slovenija","Ljubljana, Slovenija","","Partially cloudy"
"Ljubljana,Slovenia","11/16/2020",4.7,8.6,7.0,6.1,94.12,,7.3,14.4,116.96,3.6,43.03,8.33,,5.8,42.1,1024.3,"",46.0506,14.5028,"Ljubljana, Slovenija","Ljubljana, Slovenija","","Rain, Partially cloudy"
"Ljubljana,Slovenia","11/17/2020",3.6,12.0,6.6,4.7,88.29,,5.4,12.6,162.65,5.3,0.0,0.0,,13.4,20.5,1032.2,"",46.0506,14.5028,"Ljubljana, Slovenija","Ljubljana, Slovenija","","Clear"
"Ljubljana,Slovenia","11/18/2020",2.8,10.9,5.1,3.6,90.92,,5.4,8.3,210.05,8.5,0.3,4.17,,8.3,3.1,1029.6,"weather_type_0, Light Drizzle, Fog",46.0506,14.5028,"Ljubljana, Slovenija","Ljubljana, Slovenija","","Rain"
"Ljubljana,Slovenia","11/19/2020",3.6,6.4,4.4,3.5,94.3,,7.2,14.4,174.95,1.9,0.1,4.17,,3.8,24.8,1024.6,"weather_type_0, Light Drizzle, Rain, Fog, Light Rain, Sky Coverage Increasing",46.0506,14.5028,"Ljubljana, Slovenija","Ljubljana, Slovenija","","Rain"
"Ljubljana,Slovenia","11/20/2020",1.1,9.0,4.8,-1.7,63.27,,17.1,32.4,96.21,-1.2,0.3,4.17,,29.9,28.1,1031.6,"weather_type_0, Sky Coverage Increasing, Sky Unchanged",46.0506,14.5028,"Ljubljana, Slovenija","Ljubljana, Slovenija","","Rain, Partially cloudy"
"Ljubljana,Slovenia","11/21/2020",-4.1,7.1,0.4,-6.1,65.87,,14.2,32.4,175.77,1.8,0.0,0.0,,35.9,3.7,1036.2,"weather_type_0, Sky Coverage Increasing",46.0506,14.5028,"Ljubljana, Slovenija","Ljubljana, Slovenija","","Clear"
"Ljubljana,Slovenia","11/22/2020",-2.7,6.6,0.7,-5.2,67.23,,6.4,11.5,167.18,-4.1,0.0,0.0,,31.8,23.1,1030.9,"weather_type_0, Sky Coverage Increasing",46.0506,14.5028,"Ljubljana, Slovenija","Ljubljana, Slovenija","","Clear"
"Ljubljana,Slovenia","11/23/2020",0.2,8.0,3.2,-1.9,70.25,,7.2,13.3,90.91,4.1,0.0,0.0,,30.6,60.0,1031.2,"weather_type_0, Sky Coverage Increasing",46.0506,14.5028,"Ljubljana, Slovenija","Ljubljana, Slovenija","","Partially cloudy"
"Ljubljana,Slovenia","11/24/2020",-2.3,7.4,0.9,-1.6,84.52,,5.4,9.4,118.3,-0.8,0.0,0.0,,18.9,13.9,1029.4,"weather_type_0, Fog, Sky Coverage Increasing",46.0506,14.5028,"Ljubljana, Slovenija","Ljubljana, Slovenija","","Clear"
"Ljubljana,Slovenia","11/25/2020",-1.3,1.7,-0.4,-1.4,93.24,,7.1,10.8,210.45,-3.1,0.0,0.0,,0.6,11.3,1027.3,"weather_type_0, Mist, Fog",46.0506,14.5028,"Ljubljana, Slovenija","Ljubljana, Slovenija","","Clear"
"Ljubljana,Slovenia","11/26/2020",-0.9,0.9,0.1,-0.8,94.14,,7.1,10.8,223.43,-2.4,0.0,0.0,,1.0,21.1,1025.6,"weather_type_0, Mist, Fog",46.0506,14.5028,"Ljubljana, Slovenija","Ljubljana, Slovenija","","Clear"
"Ljubljana,Slovenia","11/27/2020",-0.5,2.2,0.6,-0.3,94.13,,7.1,10.8,238.25,-2.9,0.0,0.0,,1.3,33.1,1023.7,"weather_type_0, Drizzle, Mist, Light Drizzle, Fog",46.0506,14.5028,"Ljubljana, Slovenija","Ljubljana, Slovenija","","Partially cloudy"
"Ljubljana,Slovenia","11/28/2020",0.8,2.9,1.8,0.1,88.81,,7.2,10.8,125.63,-0.1,0.29,4.17,,5.2,73.0,1022.7,"weather_type_0, Mist, Light Snow, Light Drizzle, Light Rain And Snow, Fog",46.0506,14.5028,"Ljubljana, Slovenija","Ljubljana, Slovenija","","Rain, Partially cloudy"
"Ljubljana,Slovenia","11/29/2020",-2.9,3.4,0.2,-2.5,82.72,,9.4,11.5,81.65,-5.1,0.2,4.17,,13.9,45.7,1025.9,"weather_type_0, Mist, Fog",46.0506,14.5028,"Ljubljana, Slovenija","Ljubljana, Slovenija","","Rain, Partially cloudy"
"Ljubljana,Slovenia","11/30/2020",-4.8,4.7,-0.9,-4.0,80.71,,7.1,18.0,145.19,-4.8,0.0,0.0,,17.5,38.8,1025.7,"weather_type_0, Mist, Fog, Sky Coverage Decreasing, Sky Coverage Increasing",46.0506,14.5028,"Ljubljana, Slovenija","Ljubljana, Slovenija","","Partially cloudy"
"Ljubljana,Slovenia","12/01/2020",-1.2,0.5,-0.1,-3.8,76.18,,14.4,25.2,87.3,-4.7,0.0,0.0,,10.2,69.2,1021.0,"weather_type_0, Sky Coverage Increasing, Snow",46.0506,14.5028,"Ljubljana, Slovenija","Ljubljana, Slovenija","","Partially cloudy"
"Ljubljana,Slovenia","12/02/2020",-4.1,-0.6,-1.7,-2.9,91.15,,7.9,16.9,136.38,-4.0,20.63,12.5,17.16,2.0,71.0,1016.1,"weather_type_0, Light Snow, Mist, Snow",46.0506,14.5028,"Ljubljana, Slovenija","Ljubljana, Slovenija","","Rain, Partially cloudy"
"Ljubljana,Slovenia","12/03/2020",-1.1,0.6,-0.5,-2.3,87.32,,5.4,8.3,193.0,-2.3,0.1,4.17,17.0,4.5,68.1,1008.4,"weather_type_0, Mist",46.0506,14.5028,"Ljubljana, Slovenija","Ljubljana, Slovenija","","Rain, Partially cloudy"
"Ljubljana,Slovenia","12/04/2020",-0.8,2.5,0.5,-0.8,90.89,,5.4,7.2,178.0,-2.3,0.0,0.0,14.0,3.2,54.5,1006.6,"weather_type_0, Mist, Rain, Heavy Drizzle/Rain, Light Drizzle/Rain, Light Rain",46.0506,14.5028,"Ljubljana, Slovenija","Ljubljana, Slovenija","","Partially cloudy"
"Ljubljana,Slovenia","12/05/2020",0.7,3.2,1.7,0.9,94.07,,11.2,18.7,222.37,-1.1,8.42,12.5,8.0,1.1,42.8,1008.4,"weather_type_0, Mist, Rain, Heavy Drizzle/Rain, Light Drizzle/Rain, Fog, Heavy Rain, Light Rain",46.0506,14.5028,"Ljubljana, Slovenija","Ljubljana, Slovenija","","Rain, Partially cloudy"
"Ljubljana,Slovenia","12/06/2020",2.2,5.1,3.8,3.3,96.11,,8.6,21.2,218.36,1.0,21.91,12.5,5.0,2.7,46.8,1003.3,"weather_type_0, Mist, Light Drizzle, Rain, Heavy Drizzle/Rain, Fog, Heavy Rain, Light Rain",46.0506,14.5028,"Ljubljana, Slovenija","Ljubljana, Slovenija","","Rain, Partially cloudy"
"Ljubljana,Slovenia","12/07/2020",1.8,6.4,3.6,2.8,94.34,,10.2,49.3,131.52,0.6,5.57,8.33,,6.3,55.4,1009.1,"weather_type_0, Mist, Rain, Thunderstorm, Fog, Light Rain, Sky Coverage Decreasing",46.0506,14.5028,"Ljubljana, Slovenija","Ljubljana, Slovenija","","Rain, Partially cloudy"
"Ljubljana,Slovenia","12/08/2020",2.0,3.9,3.2,2.2,93.55,,7.6,18.0,218.83,-0.2,7.7,8.33,,5.4,71.0,1006.3,"Ice, Light Snow, Light Drizzle, Rain, Heavy Drizzle/Rain, Light Drizzle/Rain, Heavy Rain And Snow, Light Rain, Snow",46.0506,14.5028,"Ljubljana, Slovenija","Ljubljana, Slovenija","","Rain, Partially cloudy"
"Ljubljana,Slovenia","12/09/2020",1.0,3.0,2.3,1.1,92.3,,3.6,10.8,152.14,,4.06,16.67,1.0,5.0,76.9,1007.5,"weather_type_0, Light Snow, Mist, Rain, Light Rain",46.0506,14.5028,"Ljubljana, Slovenija","Ljubljana, Slovenija","","Rain, Overcast"
"Ljubljana,Slovenia","12/10/2020",2.9,4.5,3.5,1.9,88.95,,5.4,10.8,272.25,1.8,0.5,8.33,1.0,5.8,66.1,1008.2,"weather_type_0, Drizzle, Mist, Light Drizzle, Fog, Light Rain",46.0506,14.5028,"Ljubljana, Slovenija","Ljubljana, Slovenija","","Rain, Partially cloudy"
"Ljubljana,Slovenia","12/11/2020",1.2,4.4,3.5,2.3,91.94,,9.4,7.6,205.18,0.8,0.6,8.33,,4.5,62.8,1004.1,"weather_type_0, Drizzle, Mist, Light Snow, Light Drizzle, Light Drizzle/Rain, Fog, Light Rain",46.0506,14.5028,"Ljubljana, Slovenija","Ljubljana, Slovenija","","Rain, Partially cloudy"
"Ljubljana,Slovenia","12/12/2020",2.5,4.1,3.4,2.0,90.37,,7.6,11.2,191.65,0.7,0.51,4.17,,8.0,69.0,1007.5,"weather_type_0, Light Snow, Mist, Light Drizzle, Rain, Fog, Light Rain",46.0506,14.5028,"Ljubljana, Slovenija","Ljubljana, Slovenija","","Rain, Partially cloudy"
"Ljubljana,Slovenia","12/13/2020",-0.2,4.0,2.3,0.5,87.93,,9.4,14.4,231.73,-0.4,0.0,0.0,,7.0,57.9,1017.8,"weather_type_0, Mist, Fog, Freezing Drizzle/Freezing Rain, Sky Coverage Increasing",46.0506,14.5028,"Ljubljana, Slovenija","Ljubljana, Slovenija","","Partially cloudy"
"Ljubljana,Slovenia","12/14/2020",0.1,1.5,0.6,-0.2,94.46,,7.2,14.4,158.46,-1.9,0.0,0.0,,2.0,49.1,1023.0,"weather_type_0, Drizzle, Mist, Fog",46.0506,14.5028,"Ljubljana, Slovenija","Ljubljana, Slovenija","","Partially cloudy"
"Ljubljana,Slovenia","12/15/2020",0.0,1.8,0.7,-0.4,92.0,,7.2,10.8,153.3,-2.1,0.0,0.0,,2.4,40.8,1023.3,"weather_type_0, Mist, Fog, Rain Showers",46.0506,14.5028,"Ljubljana, Slovenija","Ljubljana, Slovenija","","Partially cloudy"
"Ljubljana,Slovenia","12/16/2020",0.7,4.1,2.2,0.7,90.14,,6.2,7.6,91.35,0.1,0.0,0.0,,11.3,31.1,1025.0,"weather_type_0, Mist, Sky Coverage Decreasing",46.0506,14.5028,"Ljubljana, Slovenija","Ljubljana, Slovenija","","Partially cloudy"
"Ljubljana,Slovenia","12/17/2020",1.5,8.1,3.9,2.2,88.98,,7.6,8.6,133.26,2.4,0.0,0.0,,9.9,36.6,1028.5,"weather_type_0, Mist, Fog",46.0506,14.5028,"Ljubljana, Slovenija","Ljubljana, Slovenija","","Partially cloudy"
"Ljubljana,Slovenia","12/18/2020",1.9,5.1,4.1,2.5,88.94,,4.3,9.0,164.95,,0.3,4.17,,5.4,46.5,1028.9,"weather_type_0, Mist, Fog, Sky Coverage Decreasing",46.0506,14.5028,"Ljubljana, Slovenija","Ljubljana, Slovenija","","Rain, Partially cloudy"
"Ljubljana,Slovenia","12/19/2020",3.5,5.4,4.3,2.8,89.66,,7.6,9.0,200.32,1.5,0.11,4.17,,3.9,46.9,1026.7,"weather_type_0, Drizzle, Mist, Light Drizzle, Light Drizzle/Rain, Fog",46.0506,14.5028,"Ljubljana, Slovenija","Ljubljana, Slovenija","","Rain, Partially cloudy"
"Ljubljana,Slovenia","12/20/2020",3.1,4.5,3.9,3.1,94.49,,4.3,7.9,194.42,,0.8,8.33,,2.1,42.0,1027.2,"weather_type_0, Drizzle, Mist, Light Drizzle, Fog",46.0506,14.5028,"Ljubljana, Slovenija","Ljubljana, Slovenija","","Rain, Partially cloudy"
"Ljubljana,Slovenia","12/21/2020",4.4,6.5,4.8,3.9,93.73,,3.6,7.6,173.86,,1.4,8.33,,2.7,66.0,1026.3,"weather_type_0, Drizzle, Mist, Light Drizzle, Fog, Light Rain",46.0506,14.5028,"Ljubljana, Slovenija","Ljubljana, Slovenija","","Rain, Partially cloudy"
"Ljubljana,Slovenia","12/22/2020",7.5,9.5,8.8,5.0,77.13,,10.6,36.0,292.54,7.2,0.0,0.0,,14.4,64.0,1024.2,"weather_type_0, Mist",46.0506,14.5028,"Ljubljana, Slovenija","Ljubljana, Slovenija","","Partially cloudy"
"Ljubljana,Slovenia","12/23/2020",9.4,10.9,10.0,6.2,77.62,,10.8,31.0,279.63,8.5,0.4,4.17,,15.9,64.8,1018.7,"weather_type_0, Light Drizzle, Rain, Light Drizzle/Rain, Light Rain, Sky Coverage Increasing",46.0506,14.5028,"Ljubljana, Slovenija","Ljubljana, Slovenija","","Rain, Partially cloudy"
"Ljubljana,Slovenia","12/24/2020",4.5,10.6,7.5,6.4,92.75,,14.4,25.2,152.13,2.6,27.7,12.5,,8.6,53.3,1010.7,"Drizzle, Heavy Drizzle, Light Drizzle, Rain, Heavy Drizzle/Rain, Light Drizzle/Rain, Heavy Rain, Light Rain",46.0506,14.5028,"Ljubljana, Slovenija","Ljubljana, Slovenija","","Rain, Partially cloudy"
"Ljubljana,Slovenia","12/25/2020",1.1,5.0,3.0,1.2,87.86,,10.9,22.0,177.78,-0.9,11.28,12.5,3.0,13.9,43.1,1017.1,"weather_type_0, Ice, Rain, Light Rain, Snow",46.0506,14.5028,"Ljubljana, Slovenija","Ljubljana, Slovenija","","Rain, Partially cloudy"
"Ljubljana,Slovenia","12/26/2020",-2.9,4.4,0.0,-5.5,66.55,,21.1,33.8,135.29,-4.9,0.0,0.0,2.0,24.2,23.1,1021.6,"weather_type_0",46.0506,14.5028,"Ljubljana, Slovenija","Ljubljana, Slovenija","","Clear"
"Ljubljana,Slovenia","12/27/2020",-3.1,1.4,-1.0,-4.1,80.31,,8.8,14.4,180.3,-4.9,0.0,0.0,,12.1,69.8,1008.2,"weather_type_0",46.0506,14.5028,"Ljubljana, Slovenija","Ljubljana, Slovenija","","Partially cloudy"
"Ljubljana,Slovenia","12/28/2020",-0.5,3.1,0.9,0.3,95.85,,26.0,,175.1,-4.4,0.0,0.0,,7.7,95.4,,"",46.0506,14.5028,"Ljubljana, Slovenija","Ljubljana, Slovenija","","Overcast"
"Ljubljana,Slovenia","12/29/2020",0.8,3.2,1.6,1.3,97.9,,10.6,,236.3,-2.4,0.0,0.0,,8.1,97.4,,"",46.0506,14.5028,"Ljubljana, Slovenija","Ljubljana, Slovenija","","Overcast"
"Ljubljana,Slovenia","12/30/2020",0.4,5.1,1.8,1.2,96.37,,8.9,,224.14,-1.8,0.0,0.0,,5.0,89.1,,"",46.0506,14.5028,"Ljubljana, Slovenija","Ljubljana, Slovenija","","Overcast"
"Ljubljana,Slovenia","12/31/2020",-1.0,4.2,0.9,0.3,95.51,,7.3,10.8,193.27,-3.6,0.31,4.17,0.19,4.8,64.4,1012.1,"weather_type_0, Light Drizzle, Fog, Rain Showers",46.0506,14.5028,"Ljubljana, Slovenija","Ljubljana, Slovenija","","Rain, Partially cloudy"
